{
  "pipelineConfig" : {
    "schemaVersion" : 5,
    "version" : 7,
    "pipelineId" : "5ProduceEventsandfinishflow99d7e11e-1266-446c-b92f-6d43aebc2fc8",
    "title" : "5. Produce Events and finish flow",
    "description" : "",
    "uuid" : "49b56758-dbe2-4411-abc6-fb5f526cf0ac",
    "configuration" : [ {
      "name" : "executionMode",
      "value" : "STANDALONE"
    }, {
      "name" : "deliveryGuarantee",
      "value" : "AT_LEAST_ONCE"
    }, {
      "name" : "startEventStage",
      "value" : "streamsets-datacollector-basic-lib::com_streamsets_pipeline_stage_destination_devnull_ToErrorNullDTarget::1"
    }, {
      "name" : "stopEventStage",
      "value" : "streamsets-datacollector-basic-lib::com_streamsets_pipeline_stage_destination_devnull_ToErrorNullDTarget::1"
    }, {
      "name" : "shouldRetry",
      "value" : true
    }, {
      "name" : "retryAttempts",
      "value" : -1
    }, {
      "name" : "memoryLimit",
      "value" : "${jvm:maxMemoryMB() * 0.85}"
    }, {
      "name" : "memoryLimitExceeded",
      "value" : "LOG"
    }, {
      "name" : "notifyOnStates",
      "value" : [ "RUN_ERROR", "STOPPED", "FINISHED" ]
    }, {
      "name" : "emailIDs",
      "value" : [ ]
    }, {
      "name" : "constants",
      "value" : [ ]
    }, {
      "name" : "badRecordsHandling",
      "value" : "streamsets-datacollector-basic-lib::com_streamsets_pipeline_stage_destination_devnull_ToErrorNullDTarget::1"
    }, {
      "name" : "errorRecordPolicy",
      "value" : "ORIGINAL_RECORD"
    }, {
      "name" : "workerCount",
      "value" : 0
    }, {
      "name" : "clusterSlaveMemory",
      "value" : 2048
    }, {
      "name" : "clusterSlaveJavaOpts",
      "value" : "-XX:+UseConcMarkSweepGC -XX:+UseParNewGC -Dlog4j.debug"
    }, {
      "name" : "clusterLauncherEnv",
      "value" : [ ]
    }, {
      "name" : "mesosDispatcherURL",
      "value" : null
    }, {
      "name" : "hdfsS3ConfDir",
      "value" : null
    }, {
      "name" : "rateLimit",
      "value" : 0
    }, {
      "name" : "maxRunners",
      "value" : 0
    }, {
      "name" : "shouldCreateFailureSnapshot",
      "value" : true
    }, {
      "name" : "webhookConfigs",
      "value" : [ ]
    }, {
      "name" : "sparkConfigs",
      "value" : [ ]
    }, {
      "name" : "statsAggregatorStage",
      "value" : ""
    } ],
    "uiInfo" : {
      "previewConfig" : {
        "previewSource" : "CONFIGURED_SOURCE",
        "batchSize" : 10,
        "timeout" : 10000,
        "writeToDestinations" : false,
        "executeLifecycleEvents" : false,
        "showHeader" : false,
        "showFieldType" : true,
        "rememberMe" : false
      }
    },
    "stages" : [ {
      "instanceName" : "JDBCQueryConsumer_01",
      "library" : "streamsets-datacollector-jdbc-lib",
      "stageName" : "com_streamsets_pipeline_stage_origin_jdbc_JdbcDSource",
      "stageVersion" : "10",
      "configuration" : [ {
        "name" : "isIncrementalMode",
        "value" : true
      }, {
        "name" : "query",
        "value" : "select * from TABLE"
      }, {
        "name" : "initialOffset",
        "value" : null
      }, {
        "name" : "offsetColumn",
        "value" : null
      }, {
        "name" : "jdbcRecordType",
        "value" : "LIST_MAP"
      }, {
        "name" : "queryInterval",
        "value" : "${10 * SECONDS}"
      }, {
        "name" : "commonSourceConfigBean.maxBatchSize",
        "value" : 1000
      }, {
        "name" : "commonSourceConfigBean.maxClobSize",
        "value" : 1000
      }, {
        "name" : "commonSourceConfigBean.maxBlobSize",
        "value" : 1000
      }, {
        "name" : "commonSourceConfigBean.numSQLErrorRetries",
        "value" : 0
      }, {
        "name" : "commonSourceConfigBean.newTableQueryInterval",
        "value" : "${10 * SECONDS}"
      }, {
        "name" : "txnIdColumnName",
        "value" : null
      }, {
        "name" : "txnMaxSize",
        "value" : 10000
      }, {
        "name" : "hikariConfigBean.connectionString",
        "value" : "jdbc"
      }, {
        "name" : "hikariConfigBean.useCredentials",
        "value" : true
      }, {
        "name" : "hikariConfigBean.username",
        "value" : "user"
      }, {
        "name" : "hikariConfigBean.password",
        "value" : "pass"
      }, {
        "name" : "hikariConfigBean.driverProperties",
        "value" : [ { } ]
      }, {
        "name" : "hikariConfigBean.driverClassName",
        "value" : null
      }, {
        "name" : "hikariConfigBean.connectionTestQuery",
        "value" : null
      }, {
        "name" : "hikariConfigBean.maximumPoolSize",
        "value" : 1
      }, {
        "name" : "hikariConfigBean.minIdle",
        "value" : 1
      }, {
        "name" : "hikariConfigBean.connectionTimeout",
        "value" : "${30 * SECONDS}"
      }, {
        "name" : "hikariConfigBean.idleTimeout",
        "value" : "${10 * MINUTES}"
      }, {
        "name" : "hikariConfigBean.maxLifetime",
        "value" : "${30 * MINUTES}"
      }, {
        "name" : "hikariConfigBean.autoCommit",
        "value" : false
      }, {
        "name" : "hikariConfigBean.readOnly",
        "value" : true
      }, {
        "name" : "hikariConfigBean.initialQuery",
        "value" : null
      }, {
        "name" : "hikariConfigBean.transactionIsolation",
        "value" : "DEFAULT"
      }, {
        "name" : "createJDBCNsHeaders",
        "value" : true
      }, {
        "name" : "jdbcNsHeaderPrefix",
        "value" : "jdbc."
      }, {
        "name" : "disableValidation",
        "value" : false
      }, {
        "name" : "unknownTypeAction",
        "value" : "STOP_PIPELINE"
      }, {
        "name" : "stageOnRecordError",
        "value" : "TO_ERROR"
      } ],
      "uiInfo" : {
        "description" : "",
        "label" : "JDBC Query Consumer 1",
        "xPos" : 60,
        "yPos" : 50,
        "stageType" : "SOURCE"
      },
      "inputLanes" : [ ],
      "outputLanes" : [ "JDBCQueryConsumer_01OutputLane15186425057840" ],
      "eventLanes" : [ "JDBCQueryConsumer_01_EventLane" ],
      "services" : [ ]
    }, {
      "instanceName" : "AmazonS3_01",
      "library" : "streamsets-datacollector-aws-lib",
      "stageName" : "com_streamsets_pipeline_stage_destination_s3_AmazonS3DTarget",
      "stageVersion" : "10",
      "configuration" : [ {
        "name" : "s3TargetConfigBean.s3Config.bucketTemplate",
        "value" : "s3://bucket"
      }, {
        "name" : "s3TargetConfigBean.s3Config.awsConfig.awsAccessKeyId",
        "value" : "key"
      }, {
        "name" : "s3TargetConfigBean.s3Config.awsConfig.awsSecretAccessKey",
        "value" : "secret"
      }, {
        "name" : "s3TargetConfigBean.s3Config.region",
        "value" : "US_WEST_2"
      }, {
        "name" : "s3TargetConfigBean.s3Config.endpoint",
        "value" : null
      }, {
        "name" : "s3TargetConfigBean.s3Config.commonPrefix",
        "value" : null
      }, {
        "name" : "s3TargetConfigBean.s3Config.delimiter",
        "value" : "/"
      }, {
        "name" : "s3TargetConfigBean.sseConfig.useSSE",
        "value" : false
      }, {
        "name" : "s3TargetConfigBean.sseConfig.encryption",
        "value" : "S3"
      }, {
        "name" : "s3TargetConfigBean.sseConfig.kmsKeyId",
        "value" : null
      }, {
        "name" : "s3TargetConfigBean.sseConfig.encryptionContext",
        "value" : [ { } ]
      }, {
        "name" : "s3TargetConfigBean.sseConfig.customerKey",
        "value" : null
      }, {
        "name" : "s3TargetConfigBean.sseConfig.customerKeyMd5",
        "value" : null
      }, {
        "name" : "s3TargetConfigBean.proxyConfig.connectionTimeout",
        "value" : 10
      }, {
        "name" : "s3TargetConfigBean.proxyConfig.socketTimeout",
        "value" : 50
      }, {
        "name" : "s3TargetConfigBean.proxyConfig.retryCount",
        "value" : 3
      }, {
        "name" : "s3TargetConfigBean.proxyConfig.useProxy",
        "value" : false
      }, {
        "name" : "s3TargetConfigBean.proxyConfig.proxyHost",
        "value" : null
      }, {
        "name" : "s3TargetConfigBean.proxyConfig.proxyPort",
        "value" : null
      }, {
        "name" : "s3TargetConfigBean.proxyConfig.proxyUser",
        "value" : null
      }, {
        "name" : "s3TargetConfigBean.proxyConfig.proxyPassword",
        "value" : null
      }, {
        "name" : "s3TargetConfigBean.tmConfig.threadPoolSize",
        "value" : 10
      }, {
        "name" : "s3TargetConfigBean.tmConfig.multipartUploadThreshold",
        "value" : 268435456
      }, {
        "name" : "s3TargetConfigBean.tmConfig.minimumUploadPartSize",
        "value" : 5242880
      }, {
        "name" : "s3TargetConfigBean.partitionTemplate",
        "value" : null
      }, {
        "name" : "s3TargetConfigBean.timeZoneID",
        "value" : "UTC"
      }, {
        "name" : "s3TargetConfigBean.timeDriverTemplate",
        "value" : "${time:now()}"
      }, {
        "name" : "s3TargetConfigBean.fileNamePrefix",
        "value" : "sdc"
      }, {
        "name" : "s3TargetConfigBean.fileNameSuffix",
        "value" : null
      }, {
        "name" : "s3TargetConfigBean.dataFormat",
        "value" : "JSON"
      }, {
        "name" : "s3TargetConfigBean.compress",
        "value" : false
      }, {
        "name" : "s3TargetConfigBean.dataGeneratorFormatConfig.charset",
        "value" : "UTF-8"
      }, {
        "name" : "s3TargetConfigBean.dataGeneratorFormatConfig.csvFileFormat",
        "value" : "CSV"
      }, {
        "name" : "s3TargetConfigBean.dataGeneratorFormatConfig.csvHeader",
        "value" : "NO_HEADER"
      }, {
        "name" : "s3TargetConfigBean.dataGeneratorFormatConfig.csvReplaceNewLines",
        "value" : true
      }, {
        "name" : "s3TargetConfigBean.dataGeneratorFormatConfig.csvReplaceNewLinesString",
        "value" : " "
      }, {
        "name" : "s3TargetConfigBean.dataGeneratorFormatConfig.csvCustomDelimiter",
        "value" : "|"
      }, {
        "name" : "s3TargetConfigBean.dataGeneratorFormatConfig.csvCustomEscape",
        "value" : "\\"
      }, {
        "name" : "s3TargetConfigBean.dataGeneratorFormatConfig.csvCustomQuote",
        "value" : "\""
      }, {
        "name" : "s3TargetConfigBean.dataGeneratorFormatConfig.jsonMode",
        "value" : "MULTIPLE_OBJECTS"
      }, {
        "name" : "s3TargetConfigBean.dataGeneratorFormatConfig.textFieldPath",
        "value" : "/text"
      }, {
        "name" : "s3TargetConfigBean.dataGeneratorFormatConfig.textRecordSeparator",
        "value" : "\\n"
      }, {
        "name" : "s3TargetConfigBean.dataGeneratorFormatConfig.textFieldMissingAction",
        "value" : "ERROR"
      }, {
        "name" : "s3TargetConfigBean.dataGeneratorFormatConfig.textEmptyLineIfNull",
        "value" : false
      }, {
        "name" : "s3TargetConfigBean.dataGeneratorFormatConfig.avroSchemaSource",
        "value" : null
      }, {
        "name" : "s3TargetConfigBean.dataGeneratorFormatConfig.avroSchema",
        "value" : null
      }, {
        "name" : "s3TargetConfigBean.dataGeneratorFormatConfig.registerSchema",
        "value" : false
      }, {
        "name" : "s3TargetConfigBean.dataGeneratorFormatConfig.schemaRegistryUrlsForRegistration",
        "value" : [ ]
      }, {
        "name" : "s3TargetConfigBean.dataGeneratorFormatConfig.schemaRegistryUrls",
        "value" : [ ]
      }, {
        "name" : "s3TargetConfigBean.dataGeneratorFormatConfig.schemaLookupMode",
        "value" : "SUBJECT"
      }, {
        "name" : "s3TargetConfigBean.dataGeneratorFormatConfig.subject",
        "value" : null
      }, {
        "name" : "s3TargetConfigBean.dataGeneratorFormatConfig.subjectToRegister",
        "value" : null
      }, {
        "name" : "s3TargetConfigBean.dataGeneratorFormatConfig.schemaId",
        "value" : null
      }, {
        "name" : "s3TargetConfigBean.dataGeneratorFormatConfig.avroCompression",
        "value" : "NULL"
      }, {
        "name" : "s3TargetConfigBean.dataGeneratorFormatConfig.binaryFieldPath",
        "value" : "/"
      }, {
        "name" : "s3TargetConfigBean.dataGeneratorFormatConfig.protoDescriptorFile",
        "value" : null
      }, {
        "name" : "s3TargetConfigBean.dataGeneratorFormatConfig.messageType",
        "value" : null
      }, {
        "name" : "s3TargetConfigBean.dataGeneratorFormatConfig.fileNameEL",
        "value" : null
      }, {
        "name" : "s3TargetConfigBean.dataGeneratorFormatConfig.wholeFileExistsAction",
        "value" : "TO_ERROR"
      }, {
        "name" : "s3TargetConfigBean.dataGeneratorFormatConfig.includeChecksumInTheEvents",
        "value" : false
      }, {
        "name" : "s3TargetConfigBean.dataGeneratorFormatConfig.checksumAlgorithm",
        "value" : "MD5"
      }, {
        "name" : "s3TargetConfigBean.dataGeneratorFormatConfig.xmlPrettyPrint",
        "value" : true
      }, {
        "name" : "s3TargetConfigBean.dataGeneratorFormatConfig.xmlValidateSchema",
        "value" : false
      }, {
        "name" : "s3TargetConfigBean.dataGeneratorFormatConfig.xmlSchema",
        "value" : null
      }, {
        "name" : "stageOnRecordError",
        "value" : "TO_ERROR"
      }, {
        "name" : "stageRequiredFields",
        "value" : [ ]
      }, {
        "name" : "stageRecordPreconditions",
        "value" : [ ]
      } ],
      "uiInfo" : {
        "description" : "",
        "label" : "Amazon S3 1",
        "xPos" : 278.05670166015625,
        "yPos" : 50,
        "stageType" : "TARGET"
      },
      "inputLanes" : [ "JDBCQueryConsumer_01OutputLane15186425057840" ],
      "outputLanes" : [ ],
      "eventLanes" : [ ],
      "services" : [ ]
    }, {
      "instanceName" : "ExpressionEvaluator_01",
      "library" : "streamsets-datacollector-basic-lib",
      "stageName" : "com_streamsets_pipeline_stage_processor_expression_ExpressionDProcessor",
      "stageVersion" : "2",
      "configuration" : [ {
        "name" : "expressionProcessorConfigs",
        "value" : [ {
          "fieldToSet" : "/",
          "expression" : "${record:value('/')}"
        } ]
      }, {
        "name" : "headerAttributeConfigs",
        "value" : [ { } ]
      }, {
        "name" : "fieldAttributeConfigs",
        "value" : [ {
          "fieldToSet" : "/"
        } ]
      }, {
        "name" : "stageOnRecordError",
        "value" : "TO_ERROR"
      }, {
        "name" : "stageRequiredFields",
        "value" : [ ]
      }, {
        "name" : "stageRecordPreconditions",
        "value" : [ ]
      } ],
      "uiInfo" : {
        "description" : "",
        "label" : "Expression Evaluator 1",
        "xPos" : 280,
        "yPos" : 200,
        "stageType" : "PROCESSOR"
      },
      "inputLanes" : [ "JDBCQueryConsumer_01_EventLane" ],
      "outputLanes" : [ "ExpressionEvaluator_01OutputLane15186428299270" ],
      "eventLanes" : [ ],
      "services" : [ ]
    }, {
      "instanceName" : "SQSdestination_01",
      "library" : "platform.shared.streamsetsdc.commonlib-0.0.1-SNAPSHOT",
      "stageName" : "com_ebsco_platform_shared_streamsetsdc_commonlib_destination_aws_SQSDTarget",
      "stageVersion" : "1",
      "configuration" : [ {
        "name" : "queueField",
        "value" : "/queue"
      }, {
        "name" : "messageFiled",
        "value" : "/message"
      }, {
        "name" : "async",
        "value" : false
      }, {
        "name" : "stageOnRecordError",
        "value" : "TO_ERROR"
      }, {
        "name" : "stageRequiredFields",
        "value" : [ ]
      }, {
        "name" : "stageRecordPreconditions",
        "value" : [ ]
      } ],
      "uiInfo" : {
        "description" : "",
        "label" : "SQS destination 1",
        "xPos" : 500,
        "yPos" : 200,
        "stageType" : "TARGET"
      },
      "inputLanes" : [ "ExpressionEvaluator_01OutputLane15186428299270" ],
      "outputLanes" : [ ],
      "eventLanes" : [ ],
      "services" : [ ]
    }, {
      "instanceName" : "PipelineFinisherExecutor_01",
      "library" : "streamsets-datacollector-basic-lib",
      "stageName" : "com_streamsets_pipeline_stage_executor_finishpipeline_PipelineFinisherDExecutor",
      "stageVersion" : "1",
      "configuration" : [ {
        "name" : "stageOnRecordError",
        "value" : "TO_ERROR"
      }, {
        "name" : "stageRequiredFields",
        "value" : [ ]
      }, {
        "name" : "stageRecordPreconditions",
        "value" : [ ]
      } ],
      "uiInfo" : {
        "description" : "",
        "label" : "Pipeline Finisher Executor 1",
        "xPos" : 500,
        "yPos" : 350,
        "stageType" : "EXECUTOR"
      },
      "inputLanes" : [ "ExpressionEvaluator_01OutputLane15186428299270" ],
      "outputLanes" : [ ],
      "eventLanes" : [ ],
      "services" : [ ]
    } ],
    "errorStage" : {
      "instanceName" : "Discard_ErrorStage",
      "library" : "streamsets-datacollector-basic-lib",
      "stageName" : "com_streamsets_pipeline_stage_destination_devnull_ToErrorNullDTarget",
      "stageVersion" : "1",
      "configuration" : [ ],
      "uiInfo" : {
        "description" : "",
        "label" : "Error Records - Discard",
        "xPos" : 317,
        "yPos" : 50,
        "stageType" : "TARGET"
      },
      "inputLanes" : [ ],
      "outputLanes" : [ ],
      "eventLanes" : [ ],
      "services" : [ ]
    },
    "info" : {
      "pipelineId" : "5ProduceEventsandfinishflow99d7e11e-1266-446c-b92f-6d43aebc2fc8",
      "title" : "5. Produce Events and finish flow",
      "description" : "",
      "created" : 1518642499256,
      "lastModified" : 1519143781868,
      "creator" : "admin",
      "lastModifier" : "admin",
      "lastRev" : "0",
      "uuid" : "49b56758-dbe2-4411-abc6-fb5f526cf0ac",
      "valid" : true,
      "metadata" : {
        "labels" : [ ]
      },
      "name" : "5ProduceEventsandfinishflow99d7e11e-1266-446c-b92f-6d43aebc2fc8",
      "sdcVersion" : "3.0.2.0",
      "sdcId" : "9f376c68-119c-11e8-b6c7-c7d091002e31"
    },
    "metadata" : {
      "labels" : [ ]
    },
    "statsAggregatorStage" : null,
    "startEventStages" : [ {
      "instanceName" : "Discard_StartEventStage",
      "library" : "streamsets-datacollector-basic-lib",
      "stageName" : "com_streamsets_pipeline_stage_destination_devnull_ToErrorNullDTarget",
      "stageVersion" : "1",
      "configuration" : [ ],
      "uiInfo" : {
        "description" : "",
        "label" : "Start Event - Discard",
        "xPos" : 280,
        "yPos" : 50,
        "stageType" : "TARGET"
      },
      "inputLanes" : [ ],
      "outputLanes" : [ ],
      "eventLanes" : [ ],
      "services" : [ ]
    } ],
    "stopEventStages" : [ {
      "instanceName" : "Discard_StopEventStage",
      "library" : "streamsets-datacollector-basic-lib",
      "stageName" : "com_streamsets_pipeline_stage_destination_devnull_ToErrorNullDTarget",
      "stageVersion" : "1",
      "configuration" : [ ],
      "uiInfo" : {
        "description" : "",
        "label" : "Stop Event - Discard",
        "xPos" : 280,
        "yPos" : 50,
        "stageType" : "TARGET"
      },
      "inputLanes" : [ ],
      "outputLanes" : [ ],
      "eventLanes" : [ ],
      "services" : [ ]
    } ],
    "valid" : true,
    "issues" : {
      "pipelineIssues" : [ ],
      "stageIssues" : { },
      "issueCount" : 0
    },
    "previewable" : false
  },
  "pipelineRules" : {
    "schemaVersion" : 3,
    "version" : 2,
    "metricsRuleDefinitions" : [ {
      "id" : "badRecordsAlertID",
      "alertText" : "High incidence of Error Records",
      "metricId" : "pipeline.batchErrorRecords.counter",
      "metricType" : "COUNTER",
      "metricElement" : "COUNTER_COUNT",
      "condition" : "${value() > 100}",
      "sendEmail" : false,
      "enabled" : false,
      "timestamp" : 1518642499272,
      "valid" : true
    }, {
      "id" : "stageErrorAlertID",
      "alertText" : "High incidence of Stage Errors",
      "metricId" : "pipeline.batchErrorMessages.counter",
      "metricType" : "COUNTER",
      "metricElement" : "COUNTER_COUNT",
      "condition" : "${value() > 100}",
      "sendEmail" : false,
      "enabled" : false,
      "timestamp" : 1518642499272,
      "valid" : true
    }, {
      "id" : "idleGaugeID",
      "alertText" : "Pipeline is Idle",
      "metricId" : "RuntimeStatsGauge.gauge",
      "metricType" : "GAUGE",
      "metricElement" : "TIME_OF_LAST_RECEIVED_RECORD",
      "condition" : "${time:now() - value() > 120000}",
      "sendEmail" : false,
      "enabled" : false,
      "timestamp" : 1518642499272,
      "valid" : true
    }, {
      "id" : "batchTimeAlertID",
      "alertText" : "Batch taking more time to process",
      "metricId" : "RuntimeStatsGauge.gauge",
      "metricType" : "GAUGE",
      "metricElement" : "CURRENT_BATCH_AGE",
      "condition" : "${value() > 200}",
      "sendEmail" : false,
      "enabled" : false,
      "timestamp" : 1518642499272,
      "valid" : true
    }, {
      "id" : "memoryLimitAlertID",
      "alertText" : "Memory limit for pipeline exceeded",
      "metricId" : "pipeline.memoryConsumed.counter",
      "metricType" : "COUNTER",
      "metricElement" : "COUNTER_COUNT",
      "condition" : "${value() > (jvm:maxMemoryMB() * 0.65)}",
      "sendEmail" : false,
      "enabled" : false,
      "timestamp" : 1518642499272,
      "valid" : true
    } ],
    "dataRuleDefinitions" : [ ],
    "driftRuleDefinitions" : [ ],
    "uuid" : "c92e79a9-7a57-4961-8f78-11f13c3e47e6",
    "configuration" : [ {
      "name" : "emailIDs",
      "value" : [ ]
    }, {
      "name" : "webhookConfigs",
      "value" : [ ]
    } ],
    "ruleIssues" : null,
    "configIssues" : null
  },
  "libraryDefinitions" : null
}