{
  "pipelineConfig" : {
    "schemaVersion" : 5,
    "version" : 7,
    "pipelineId" : "ListenandstoretoElasticSearch90615071-940d-4f09-99e6-eabc18831d81",
    "title" : "2. Directory to 3 destinations",
    "description" : "",
    "uuid" : "dd48f501-cf33-4517-8e13-c5f277b75581",
    "configuration" : [ {
      "name" : "executionMode",
      "value" : "STANDALONE"
    }, {
      "name" : "deliveryGuarantee",
      "value" : "AT_LEAST_ONCE"
    }, {
      "name" : "startEventStage",
      "value" : "streamsets-datacollector-basic-lib::com_streamsets_pipeline_stage_destination_devnull_ToErrorNullDTarget::1"
    }, {
      "name" : "stopEventStage",
      "value" : "streamsets-datacollector-basic-lib::com_streamsets_pipeline_stage_destination_devnull_ToErrorNullDTarget::1"
    }, {
      "name" : "shouldRetry",
      "value" : true
    }, {
      "name" : "retryAttempts",
      "value" : -1
    }, {
      "name" : "memoryLimit",
      "value" : "${jvm:maxMemoryMB() * 0.85}"
    }, {
      "name" : "memoryLimitExceeded",
      "value" : "LOG"
    }, {
      "name" : "notifyOnStates",
      "value" : [ "RUN_ERROR", "STOPPED", "FINISHED" ]
    }, {
      "name" : "emailIDs",
      "value" : [ ]
    }, {
      "name" : "constants",
      "value" : [ ]
    }, {
      "name" : "badRecordsHandling",
      "value" : "streamsets-datacollector-basic-lib::com_streamsets_pipeline_stage_destination_recordstolocalfilesystem_ToErrorLocalFSDTarget::1"
    }, {
      "name" : "errorRecordPolicy",
      "value" : "ORIGINAL_RECORD"
    }, {
      "name" : "workerCount",
      "value" : 0
    }, {
      "name" : "clusterSlaveMemory",
      "value" : 2048
    }, {
      "name" : "clusterSlaveJavaOpts",
      "value" : "-XX:+UseConcMarkSweepGC -XX:+UseParNewGC -Dlog4j.debug"
    }, {
      "name" : "clusterLauncherEnv",
      "value" : [ ]
    }, {
      "name" : "mesosDispatcherURL",
      "value" : null
    }, {
      "name" : "hdfsS3ConfDir",
      "value" : null
    }, {
      "name" : "rateLimit",
      "value" : 0
    }, {
      "name" : "maxRunners",
      "value" : 0
    }, {
      "name" : "shouldCreateFailureSnapshot",
      "value" : true
    }, {
      "name" : "webhookConfigs",
      "value" : [ ]
    }, {
      "name" : "sparkConfigs",
      "value" : [ ]
    }, {
      "name" : "statsAggregatorStage",
      "value" : ""
    } ],
    "uiInfo" : {
      "previewConfig" : {
        "previewSource" : "CONFIGURED_SOURCE",
        "batchSize" : 10,
        "timeout" : 10000,
        "writeToDestinations" : false,
        "executeLifecycleEvents" : false,
        "showHeader" : false,
        "showFieldType" : true,
        "rememberMe" : false
      }
    },
    "stages" : [ {
      "instanceName" : "Directory_01",
      "library" : "streamsets-datacollector-basic-lib",
      "stageName" : "com_streamsets_pipeline_stage_origin_spooldir_SpoolDirDSource",
      "stageVersion" : "9",
      "configuration" : [ {
        "name" : "conf.dataFormatConfig.compression",
        "value" : "NONE"
      }, {
        "name" : "conf.dataFormatConfig.filePatternInArchive",
        "value" : "*"
      }, {
        "name" : "conf.dataFormatConfig.charset",
        "value" : "UTF-8"
      }, {
        "name" : "conf.dataFormatConfig.removeCtrlChars",
        "value" : false
      }, {
        "name" : "conf.dataFormatConfig.textMaxLineLen",
        "value" : 1024
      }, {
        "name" : "conf.dataFormatConfig.useCustomDelimiter",
        "value" : false
      }, {
        "name" : "conf.dataFormatConfig.customDelimiter",
        "value" : "\\r\\n"
      }, {
        "name" : "conf.dataFormatConfig.includeCustomDelimiterInTheText",
        "value" : false
      }, {
        "name" : "conf.dataFormatConfig.jsonContent",
        "value" : "MULTIPLE_OBJECTS"
      }, {
        "name" : "conf.dataFormatConfig.jsonMaxObjectLen",
        "value" : 4096
      }, {
        "name" : "conf.dataFormatConfig.csvFileFormat",
        "value" : "CSV"
      }, {
        "name" : "conf.dataFormatConfig.csvHeader",
        "value" : "NO_HEADER"
      }, {
        "name" : "conf.dataFormatConfig.csvAllowExtraColumns",
        "value" : false
      }, {
        "name" : "conf.dataFormatConfig.csvExtraColumnPrefix",
        "value" : "_extra_"
      }, {
        "name" : "conf.dataFormatConfig.csvMaxObjectLen",
        "value" : 1024
      }, {
        "name" : "conf.dataFormatConfig.csvCustomDelimiter",
        "value" : "|"
      }, {
        "name" : "conf.dataFormatConfig.csvCustomEscape",
        "value" : "\\"
      }, {
        "name" : "conf.dataFormatConfig.csvCustomQuote",
        "value" : "\""
      }, {
        "name" : "conf.dataFormatConfig.csvEnableComments",
        "value" : false
      }, {
        "name" : "conf.dataFormatConfig.csvCommentMarker",
        "value" : "#"
      }, {
        "name" : "conf.dataFormatConfig.csvIgnoreEmptyLines",
        "value" : true
      }, {
        "name" : "conf.dataFormatConfig.csvRecordType",
        "value" : "LIST_MAP"
      }, {
        "name" : "conf.dataFormatConfig.csvSkipStartLines",
        "value" : 0
      }, {
        "name" : "conf.dataFormatConfig.parseNull",
        "value" : false
      }, {
        "name" : "conf.dataFormatConfig.nullConstant",
        "value" : "\\\\N"
      }, {
        "name" : "conf.dataFormatConfig.xmlRecordElement",
        "value" : null
      }, {
        "name" : "conf.dataFormatConfig.includeFieldXpathAttributes",
        "value" : false
      }, {
        "name" : "conf.dataFormatConfig.xPathNamespaceContext",
        "value" : [ ]
      }, {
        "name" : "conf.dataFormatConfig.outputFieldAttributes",
        "value" : false
      }, {
        "name" : "conf.dataFormatConfig.xmlMaxObjectLen",
        "value" : 4096
      }, {
        "name" : "conf.dataFormatConfig.logMode",
        "value" : "COMMON_LOG_FORMAT"
      }, {
        "name" : "conf.dataFormatConfig.logMaxObjectLen",
        "value" : 1024
      }, {
        "name" : "conf.dataFormatConfig.retainOriginalLine",
        "value" : false
      }, {
        "name" : "conf.dataFormatConfig.customLogFormat",
        "value" : "%h %l %u %t \"%r\" %>s %b"
      }, {
        "name" : "conf.dataFormatConfig.regex",
        "value" : "^(\\S+) (\\S+) (\\S+) \\[([\\w:/]+\\s[+\\-]\\d{4})\\] \"(\\S+) (\\S+) (\\S+)\" (\\d{3}) (\\d+)"
      }, {
        "name" : "conf.dataFormatConfig.fieldPathsToGroupName",
        "value" : [ {
          "fieldPath" : "/",
          "group" : 1
        } ]
      }, {
        "name" : "conf.dataFormatConfig.grokPatternDefinition",
        "value" : null
      }, {
        "name" : "conf.dataFormatConfig.grokPattern",
        "value" : "%{COMMONAPACHELOG}"
      }, {
        "name" : "conf.dataFormatConfig.onParseError",
        "value" : "ERROR"
      }, {
        "name" : "conf.dataFormatConfig.maxStackTraceLines",
        "value" : 50
      }, {
        "name" : "conf.dataFormatConfig.enableLog4jCustomLogFormat",
        "value" : false
      }, {
        "name" : "conf.dataFormatConfig.log4jCustomLogFormat",
        "value" : "%r [%t] %-5p %c %x - %m%n"
      }, {
        "name" : "conf.dataFormatConfig.avroSchema",
        "value" : null
      }, {
        "name" : "conf.dataFormatConfig.schemaRegistryUrls",
        "value" : [ ]
      }, {
        "name" : "conf.dataFormatConfig.schemaLookupMode",
        "value" : "SUBJECT"
      }, {
        "name" : "conf.dataFormatConfig.subject",
        "value" : null
      }, {
        "name" : "conf.dataFormatConfig.schemaId",
        "value" : null
      }, {
        "name" : "conf.dataFormatConfig.protoDescriptorFile",
        "value" : null
      }, {
        "name" : "conf.dataFormatConfig.messageType",
        "value" : null
      }, {
        "name" : "conf.dataFormatConfig.isDelimited",
        "value" : true
      }, {
        "name" : "conf.dataFormatConfig.binaryMaxObjectLen",
        "value" : 1024
      }, {
        "name" : "conf.dataFormatConfig.datagramMode",
        "value" : "SYSLOG"
      }, {
        "name" : "conf.dataFormatConfig.typesDbPath",
        "value" : null
      }, {
        "name" : "conf.dataFormatConfig.convertTime",
        "value" : false
      }, {
        "name" : "conf.dataFormatConfig.excludeInterval",
        "value" : true
      }, {
        "name" : "conf.dataFormatConfig.authFilePath",
        "value" : null
      }, {
        "name" : "conf.dataFormatConfig.netflowOutputValuesMode",
        "value" : "RAW_AND_INTERPRETED"
      }, {
        "name" : "conf.dataFormatConfig.maxTemplateCacheSize",
        "value" : -1
      }, {
        "name" : "conf.dataFormatConfig.templateCacheTimeoutMs",
        "value" : -1
      }, {
        "name" : "conf.dataFormatConfig.netflowOutputValuesModeDatagram",
        "value" : "RAW_AND_INTERPRETED"
      }, {
        "name" : "conf.dataFormatConfig.maxTemplateCacheSizeDatagram",
        "value" : -1
      }, {
        "name" : "conf.dataFormatConfig.templateCacheTimeoutMsDatagram",
        "value" : -1
      }, {
        "name" : "conf.dataFormatConfig.wholeFileMaxObjectLen",
        "value" : 8192
      }, {
        "name" : "conf.dataFormatConfig.rateLimit",
        "value" : "-1"
      }, {
        "name" : "conf.dataFormat",
        "value" : "TEXT"
      }, {
        "name" : "conf.spoolDir",
        "value" : "/home/sdc/input"
      }, {
        "name" : "conf.numberOfThreads",
        "value" : 1
      }, {
        "name" : "conf.pathMatcherMode",
        "value" : "GLOB"
      }, {
        "name" : "conf.filePattern",
        "value" : "*"
      }, {
        "name" : "conf.useLastModified",
        "value" : "TIMESTAMP"
      }, {
        "name" : "conf.processSubdirectories",
        "value" : true
      }, {
        "name" : "conf.allowLateDirectory",
        "value" : false
      }, {
        "name" : "conf.overrunLimit",
        "value" : 128
      }, {
        "name" : "conf.batchSize",
        "value" : 1000
      }, {
        "name" : "conf.poolingTimeoutSecs",
        "value" : 60
      }, {
        "name" : "conf.maxSpoolFiles",
        "value" : 1000
      }, {
        "name" : "conf.initialFileToProcess",
        "value" : null
      }, {
        "name" : "conf.errorArchiveDir",
        "value" : null
      }, {
        "name" : "conf.postProcessing",
        "value" : "NONE"
      }, {
        "name" : "conf.archiveDir",
        "value" : null
      }, {
        "name" : "conf.retentionTimeMins",
        "value" : 0
      }, {
        "name" : "stageOnRecordError",
        "value" : "TO_ERROR"
      } ],
      "uiInfo" : {
        "yPos" : 50,
        "stageType" : "SOURCE",
        "rawSource" : {
          "configuration" : [ {
            "name" : "fileName"
          } ]
        },
        "description" : "",
        "label" : "Directory 1",
        "xPos" : 60
      },
      "inputLanes" : [ ],
      "outputLanes" : [ "Directory_01OutputLane15168815813710" ],
      "eventLanes" : [ ],
      "services" : [ ]
    }, {
      "instanceName" : "FieldSplitter_01",
      "library" : "streamsets-datacollector-basic-lib",
      "stageName" : "com_streamsets_pipeline_stage_processor_splitter_SplitterDProcessor",
      "stageVersion" : "2",
      "configuration" : [ {
        "name" : "fieldPath",
        "value" : "/text"
      }, {
        "name" : "separator",
        "value" : ";"
      }, {
        "name" : "fieldPathsForSplits",
        "value" : [ ]
      }, {
        "name" : "onStagePreConditionFailure",
        "value" : "CONTINUE"
      }, {
        "name" : "tooManySplitsAction",
        "value" : "TO_LIST"
      }, {
        "name" : "remainingSplitsPath",
        "value" : "/list"
      }, {
        "name" : "originalFieldAction",
        "value" : "REMOVE"
      }, {
        "name" : "stageOnRecordError",
        "value" : "TO_ERROR"
      }, {
        "name" : "stageRequiredFields",
        "value" : [ "/text" ]
      }, {
        "name" : "stageRecordPreconditions",
        "value" : [ ]
      } ],
      "uiInfo" : {
        "description" : "",
        "label" : "Field Splitter 1",
        "xPos" : 280,
        "yPos" : 50,
        "stageType" : "PROCESSOR"
      },
      "inputLanes" : [ "Directory_01OutputLane15168815813710" ],
      "outputLanes" : [ "FieldSplitter_01OutputLane15168822585420" ],
      "eventLanes" : [ ],
      "services" : [ ]
    }, {
      "instanceName" : "Elasticsearch_01",
      "library" : "streamsets-datacollector-elasticsearch_5-lib",
      "stageName" : "com_streamsets_pipeline_stage_destination_elasticsearch_ElasticSearchDTarget",
      "stageVersion" : "8",
      "configuration" : [ {
        "name" : "elasticSearchConfig.timeDriver",
        "value" : "${time:now()}"
      }, {
        "name" : "elasticSearchConfig.timeZoneID",
        "value" : "UTC"
      }, {
        "name" : "elasticSearchConfig.indexTemplate",
        "value" : "my-text-index"
      }, {
        "name" : "elasticSearchConfig.typeTemplate",
        "value" : "anytext"
      }, {
        "name" : "elasticSearchConfig.docIdTemplate",
        "value" : null
      }, {
        "name" : "elasticSearchConfig.parentIdTemplate",
        "value" : null
      }, {
        "name" : "elasticSearchConfig.routingTemplate",
        "value" : null
      }, {
        "name" : "elasticSearchConfig.charset",
        "value" : "UTF-8"
      }, {
        "name" : "elasticSearchConfig.defaultOperation",
        "value" : "INDEX"
      }, {
        "name" : "elasticSearchConfig.unsupportedAction",
        "value" : "SEND_TO_ERROR"
      }, {
        "name" : "elasticSearchConfig.securityConfig.securityUser",
        "value" : "username:password"
      }, {
        "name" : "elasticSearchConfig.securityConfig.sslTrustStorePath",
        "value" : null
      }, {
        "name" : "elasticSearchConfig.securityConfig.sslTrustStorePassword",
        "value" : null
      }, {
        "name" : "elasticSearchConfig.httpUris",
        "value" : [ "elastic:9200" ]
      }, {
        "name" : "elasticSearchConfig.params",
        "value" : [ ]
      }, {
        "name" : "elasticSearchConfig.clientSniff",
        "value" : false
      }, {
        "name" : "elasticSearchConfig.useSecurity",
        "value" : false
      }, {
        "name" : "stageOnRecordError",
        "value" : "TO_ERROR"
      }, {
        "name" : "stageRequiredFields",
        "value" : [ ]
      }, {
        "name" : "stageRecordPreconditions",
        "value" : [ ]
      } ],
      "uiInfo" : {
        "description" : "",
        "label" : "Elasticsearch 1",
        "xPos" : 500,
        "yPos" : 50,
        "stageType" : "TARGET"
      },
      "inputLanes" : [ "FieldSplitter_01OutputLane15168822585420" ],
      "outputLanes" : [ ],
      "eventLanes" : [ ],
      "services" : [ ]
    }, {
      "instanceName" : "HTTPClient_01",
      "library" : "streamsets-datacollector-basic-lib",
      "stageName" : "com_streamsets_pipeline_stage_destination_http_HttpClientDTarget",
      "stageVersion" : "3",
      "configuration" : [ {
        "name" : "conf.dataGeneratorFormatConfig.charset",
        "value" : "UTF-8"
      }, {
        "name" : "conf.dataGeneratorFormatConfig.csvFileFormat",
        "value" : "CSV"
      }, {
        "name" : "conf.dataGeneratorFormatConfig.csvHeader",
        "value" : "NO_HEADER"
      }, {
        "name" : "conf.dataGeneratorFormatConfig.csvReplaceNewLines",
        "value" : true
      }, {
        "name" : "conf.dataGeneratorFormatConfig.csvReplaceNewLinesString",
        "value" : " "
      }, {
        "name" : "conf.dataGeneratorFormatConfig.csvCustomDelimiter",
        "value" : "|"
      }, {
        "name" : "conf.dataGeneratorFormatConfig.csvCustomEscape",
        "value" : "\\"
      }, {
        "name" : "conf.dataGeneratorFormatConfig.csvCustomQuote",
        "value" : "\""
      }, {
        "name" : "conf.dataGeneratorFormatConfig.jsonMode",
        "value" : "MULTIPLE_OBJECTS"
      }, {
        "name" : "conf.dataGeneratorFormatConfig.textFieldPath",
        "value" : "/text"
      }, {
        "name" : "conf.dataGeneratorFormatConfig.textRecordSeparator",
        "value" : "\\n"
      }, {
        "name" : "conf.dataGeneratorFormatConfig.textFieldMissingAction",
        "value" : "ERROR"
      }, {
        "name" : "conf.dataGeneratorFormatConfig.textEmptyLineIfNull",
        "value" : false
      }, {
        "name" : "conf.dataGeneratorFormatConfig.avroSchemaSource",
        "value" : null
      }, {
        "name" : "conf.dataGeneratorFormatConfig.avroSchema",
        "value" : null
      }, {
        "name" : "conf.dataGeneratorFormatConfig.registerSchema",
        "value" : false
      }, {
        "name" : "conf.dataGeneratorFormatConfig.schemaRegistryUrlsForRegistration",
        "value" : [ ]
      }, {
        "name" : "conf.dataGeneratorFormatConfig.schemaRegistryUrls",
        "value" : [ ]
      }, {
        "name" : "conf.dataGeneratorFormatConfig.schemaLookupMode",
        "value" : "SUBJECT"
      }, {
        "name" : "conf.dataGeneratorFormatConfig.subject",
        "value" : null
      }, {
        "name" : "conf.dataGeneratorFormatConfig.subjectToRegister",
        "value" : null
      }, {
        "name" : "conf.dataGeneratorFormatConfig.schemaId",
        "value" : null
      }, {
        "name" : "conf.dataGeneratorFormatConfig.includeSchema",
        "value" : true
      }, {
        "name" : "conf.dataGeneratorFormatConfig.avroCompression",
        "value" : "NULL"
      }, {
        "name" : "conf.dataGeneratorFormatConfig.binaryFieldPath",
        "value" : "/"
      }, {
        "name" : "conf.dataGeneratorFormatConfig.protoDescriptorFile",
        "value" : null
      }, {
        "name" : "conf.dataGeneratorFormatConfig.messageType",
        "value" : null
      }, {
        "name" : "conf.dataGeneratorFormatConfig.fileNameEL",
        "value" : null
      }, {
        "name" : "conf.dataGeneratorFormatConfig.wholeFileExistsAction",
        "value" : "TO_ERROR"
      }, {
        "name" : "conf.dataGeneratorFormatConfig.includeChecksumInTheEvents",
        "value" : false
      }, {
        "name" : "conf.dataGeneratorFormatConfig.checksumAlgorithm",
        "value" : "MD5"
      }, {
        "name" : "conf.dataGeneratorFormatConfig.xmlPrettyPrint",
        "value" : true
      }, {
        "name" : "conf.dataGeneratorFormatConfig.xmlValidateSchema",
        "value" : false
      }, {
        "name" : "conf.dataGeneratorFormatConfig.xmlSchema",
        "value" : null
      }, {
        "name" : "conf.dataFormat",
        "value" : "JSON"
      }, {
        "name" : "conf.resourceUrl",
        "value" : "http://EPRUPETW9854.petersburg.epam.com:8080/test/putany"
      }, {
        "name" : "conf.headers",
        "value" : [ ]
      }, {
        "name" : "conf.httpMethod",
        "value" : "POST"
      }, {
        "name" : "conf.methodExpression",
        "value" : null
      }, {
        "name" : "conf.client.transferEncoding",
        "value" : "CHUNKED"
      }, {
        "name" : "conf.client.httpCompression",
        "value" : "NONE"
      }, {
        "name" : "conf.client.connectTimeoutMillis",
        "value" : 0
      }, {
        "name" : "conf.client.readTimeoutMillis",
        "value" : 0
      }, {
        "name" : "conf.client.numThreads",
        "value" : 1
      }, {
        "name" : "conf.client.authType",
        "value" : "NONE"
      }, {
        "name" : "conf.client.useOAuth2",
        "value" : false
      }, {
        "name" : "conf.client.oauth.consumerKey",
        "value" : null
      }, {
        "name" : "conf.client.oauth.consumerSecret",
        "value" : null
      }, {
        "name" : "conf.client.oauth.token",
        "value" : null
      }, {
        "name" : "conf.client.oauth.tokenSecret",
        "value" : null
      }, {
        "name" : "conf.client.oauth2.credentialsGrantType",
        "value" : null
      }, {
        "name" : "conf.client.oauth2.tokenUrl",
        "value" : null
      }, {
        "name" : "conf.client.oauth2.clientId",
        "value" : null
      }, {
        "name" : "conf.client.oauth2.clientSecret",
        "value" : null
      }, {
        "name" : "conf.client.oauth2.username",
        "value" : null
      }, {
        "name" : "conf.client.oauth2.password",
        "value" : null
      }, {
        "name" : "conf.client.oauth2.resourceOwnerClientId",
        "value" : null
      }, {
        "name" : "conf.client.oauth2.resourceOwnerClientSecret",
        "value" : null
      }, {
        "name" : "conf.client.oauth2.algorithm",
        "value" : "NONE"
      }, {
        "name" : "conf.client.oauth2.key",
        "value" : null
      }, {
        "name" : "conf.client.oauth2.jwtClaims",
        "value" : null
      }, {
        "name" : "conf.client.oauth2.transferEncoding",
        "value" : "BUFFERED"
      }, {
        "name" : "conf.client.oauth2.additionalValues",
        "value" : [ { } ]
      }, {
        "name" : "conf.client.basicAuth.username",
        "value" : null
      }, {
        "name" : "conf.client.basicAuth.password",
        "value" : null
      }, {
        "name" : "conf.client.useProxy",
        "value" : false
      }, {
        "name" : "conf.client.proxy.uri",
        "value" : null
      }, {
        "name" : "conf.client.proxy.username",
        "value" : null
      }, {
        "name" : "conf.client.proxy.password",
        "value" : null
      }, {
        "name" : "conf.client.tlsConfig.tlsEnabled",
        "value" : false
      }, {
        "name" : "conf.client.tlsConfig.keyStoreFilePath",
        "value" : null
      }, {
        "name" : "conf.client.tlsConfig.keyStoreType",
        "value" : "JKS"
      }, {
        "name" : "conf.client.tlsConfig.keyStorePassword",
        "value" : null
      }, {
        "name" : "conf.client.tlsConfig.keyStoreAlgorithm",
        "value" : "SunX509"
      }, {
        "name" : "conf.client.tlsConfig.trustStoreFilePath",
        "value" : null
      }, {
        "name" : "conf.client.tlsConfig.trustStoreType",
        "value" : "JKS"
      }, {
        "name" : "conf.client.tlsConfig.trustStorePassword",
        "value" : null
      }, {
        "name" : "conf.client.tlsConfig.trustStoreAlgorithm",
        "value" : "SunX509"
      }, {
        "name" : "conf.client.tlsConfig.useDefaultProtocols",
        "value" : true
      }, {
        "name" : "conf.client.tlsConfig.protocols",
        "value" : [ ]
      }, {
        "name" : "conf.client.tlsConfig.useDefaultCiperSuites",
        "value" : true
      }, {
        "name" : "conf.client.tlsConfig.cipherSuites",
        "value" : [ ]
      }, {
        "name" : "conf.client.requestLoggingConfig.enableRequestLogging",
        "value" : false
      }, {
        "name" : "conf.client.requestLoggingConfig.logLevel",
        "value" : "FINE"
      }, {
        "name" : "conf.client.requestLoggingConfig.verbosity",
        "value" : "HEADERS_ONLY"
      }, {
        "name" : "conf.client.requestLoggingConfig.maxEntitySize",
        "value" : 0
      }, {
        "name" : "conf.singleRequestPerBatch",
        "value" : true
      }, {
        "name" : "conf.rateLimit",
        "value" : 0
      }, {
        "name" : "conf.maxRequestCompletionSecs",
        "value" : 60
      }, {
        "name" : "stageOnRecordError",
        "value" : "TO_ERROR"
      }, {
        "name" : "stageRequiredFields",
        "value" : [ ]
      }, {
        "name" : "stageRecordPreconditions",
        "value" : [ ]
      } ],
      "uiInfo" : {
        "description" : "",
        "label" : "HTTP Client 1",
        "xPos" : 500,
        "yPos" : 201.9433135986328,
        "stageType" : "TARGET"
      },
      "inputLanes" : [ "FieldSplitter_01OutputLane15168822585420" ],
      "outputLanes" : [ ],
      "eventLanes" : [ ],
      "services" : [ ]
    }, {
      "instanceName" : "ExpressionEvaluator_01",
      "library" : "streamsets-datacollector-basic-lib",
      "stageName" : "com_streamsets_pipeline_stage_processor_expression_ExpressionDProcessor",
      "stageVersion" : "2",
      "configuration" : [ {
        "name" : "expressionProcessorConfigs",
        "value" : [ {
          "fieldToSet" : "/",
          "expression" : "${record:value('/')}"
        } ]
      }, {
        "name" : "headerAttributeConfigs",
        "value" : [ {
          "attributeToSet" : "sdc.operation.type",
          "headerAttributeExpression" : "1"
        } ]
      }, {
        "name" : "fieldAttributeConfigs",
        "value" : [ {
          "fieldToSet" : "/"
        } ]
      }, {
        "name" : "stageOnRecordError",
        "value" : "TO_ERROR"
      }, {
        "name" : "stageRequiredFields",
        "value" : [ ]
      }, {
        "name" : "stageRecordPreconditions",
        "value" : [ ]
      } ],
      "uiInfo" : {
        "description" : "",
        "label" : "Expression Evaluator 1",
        "xPos" : 500,
        "yPos" : 350,
        "stageType" : "PROCESSOR"
      },
      "inputLanes" : [ "FieldSplitter_01OutputLane15168822585420" ],
      "outputLanes" : [ "ExpressionEvaluator_01OutputLane15168848769650" ],
      "eventLanes" : [ ],
      "services" : [ ]
    }, {
      "instanceName" : "MongoDB_01",
      "library" : "streamsets-datacollector-mongodb_3-lib",
      "stageName" : "com_streamsets_pipeline_stage_destination_mongodb_MongoDBDTarget",
      "stageVersion" : "3",
      "configuration" : [ {
        "name" : "configBean.mongoConfig.connectionString",
        "value" : "mongodb://mongodb:27017"
      }, {
        "name" : "configBean.mongoConfig.database",
        "value" : "my-text"
      }, {
        "name" : "configBean.mongoConfig.collection",
        "value" : "anytext"
      }, {
        "name" : "configBean.mongoConfig.authenticationType",
        "value" : "NONE"
      }, {
        "name" : "configBean.mongoConfig.username",
        "value" : null
      }, {
        "name" : "configBean.mongoConfig.password",
        "value" : null
      }, {
        "name" : "configBean.mongoConfig.authSource",
        "value" : null
      }, {
        "name" : "configBean.mongoConfig.connectionsPerHost",
        "value" : 100
      }, {
        "name" : "configBean.mongoConfig.minConnectionsPerHost",
        "value" : 0
      }, {
        "name" : "configBean.mongoConfig.connectTimeout",
        "value" : 10000
      }, {
        "name" : "configBean.mongoConfig.maxConnectionIdleTime",
        "value" : 0
      }, {
        "name" : "configBean.mongoConfig.maxConnectionLifeTime",
        "value" : 0
      }, {
        "name" : "configBean.mongoConfig.maxWaitTime",
        "value" : 120000
      }, {
        "name" : "configBean.mongoConfig.serverSelectionTimeout",
        "value" : 30000
      }, {
        "name" : "configBean.mongoConfig.threadsAllowedToBlockForConnectionMultiplier",
        "value" : 5
      }, {
        "name" : "configBean.mongoConfig.heartbeatFrequency",
        "value" : 10000
      }, {
        "name" : "configBean.mongoConfig.minHeartbeatFrequency",
        "value" : 500
      }, {
        "name" : "configBean.mongoConfig.heartbeatConnectTimeout",
        "value" : 20000
      }, {
        "name" : "configBean.mongoConfig.heartbeatSocketTimeout",
        "value" : 20000
      }, {
        "name" : "configBean.mongoConfig.localThreshold",
        "value" : 15
      }, {
        "name" : "configBean.mongoConfig.requiredReplicaSetName",
        "value" : null
      }, {
        "name" : "configBean.mongoConfig.cursorFinalizerEnabled",
        "value" : true
      }, {
        "name" : "configBean.mongoConfig.socketKeepAlive",
        "value" : false
      }, {
        "name" : "configBean.mongoConfig.socketTimeout",
        "value" : 0
      }, {
        "name" : "configBean.mongoConfig.sslEnabled",
        "value" : false
      }, {
        "name" : "configBean.mongoConfig.sslInvalidHostNameAllowed",
        "value" : false
      }, {
        "name" : "configBean.uniqueKeyField",
        "value" : null
      }, {
        "name" : "configBean.isUpsert",
        "value" : false
      }, {
        "name" : "configBean.writeConcern",
        "value" : "JOURNALED"
      }, {
        "name" : "stageOnRecordError",
        "value" : "TO_ERROR"
      }, {
        "name" : "stageRequiredFields",
        "value" : [ ]
      }, {
        "name" : "stageRecordPreconditions",
        "value" : [ ]
      } ],
      "uiInfo" : {
        "description" : "",
        "label" : "MongoDB 1",
        "xPos" : 720,
        "yPos" : 350,
        "stageType" : "TARGET"
      },
      "inputLanes" : [ "ExpressionEvaluator_01OutputLane15168848769650" ],
      "outputLanes" : [ ],
      "eventLanes" : [ ],
      "services" : [ ]
    } ],
    "errorStage" : {
      "instanceName" : "WritetoFile_ErrorStage",
      "library" : "streamsets-datacollector-basic-lib",
      "stageName" : "com_streamsets_pipeline_stage_destination_recordstolocalfilesystem_ToErrorLocalFSDTarget",
      "stageVersion" : "1",
      "configuration" : [ {
        "name" : "directory",
        "value" : "/home/sdc/errors"
      }, {
        "name" : "uniquePrefix",
        "value" : "sdc-${sdc:id()}"
      }, {
        "name" : "rotationIntervalSecs",
        "value" : "${1 * HOURS}"
      }, {
        "name" : "maxFileSizeMbs",
        "value" : 512
      } ],
      "uiInfo" : {
        "description" : "",
        "label" : "Error Records - Write to File",
        "xPos" : 1069,
        "yPos" : 50,
        "stageType" : "TARGET"
      },
      "inputLanes" : [ ],
      "outputLanes" : [ ],
      "eventLanes" : [ ],
      "services" : [ ]
    },
    "info" : {
      "pipelineId" : "ListenandstoretoElasticSearch90615071-940d-4f09-99e6-eabc18831d81",
      "title" : "2. Directory to 3 destinations",
      "description" : "",
      "created" : 1518642222468,
      "lastModified" : 1519129722701,
      "creator" : "admin",
      "lastModifier" : "admin",
      "lastRev" : "0",
      "uuid" : "dd48f501-cf33-4517-8e13-c5f277b75581",
      "valid" : true,
      "metadata" : {
        "labels" : [ ]
      },
      "name" : "ListenandstoretoElasticSearch90615071-940d-4f09-99e6-eabc18831d81",
      "sdcVersion" : "3.0.2.0",
      "sdcId" : "9f376c68-119c-11e8-b6c7-c7d091002e31"
    },
    "metadata" : {
      "labels" : [ ]
    },
    "statsAggregatorStage" : null,
    "startEventStages" : [ {
      "instanceName" : "Discard_StartEventStage",
      "library" : "streamsets-datacollector-basic-lib",
      "stageName" : "com_streamsets_pipeline_stage_destination_devnull_ToErrorNullDTarget",
      "stageVersion" : "1",
      "configuration" : [ ],
      "uiInfo" : {
        "description" : "",
        "label" : "Start Event - Discard",
        "xPos" : 280,
        "yPos" : 50,
        "stageType" : "TARGET"
      },
      "inputLanes" : [ ],
      "outputLanes" : [ ],
      "eventLanes" : [ ],
      "services" : [ ]
    } ],
    "stopEventStages" : [ {
      "instanceName" : "Discard_StopEventStage",
      "library" : "streamsets-datacollector-basic-lib",
      "stageName" : "com_streamsets_pipeline_stage_destination_devnull_ToErrorNullDTarget",
      "stageVersion" : "1",
      "configuration" : [ ],
      "uiInfo" : {
        "description" : "",
        "label" : "Stop Event - Discard",
        "xPos" : 280,
        "yPos" : 50,
        "stageType" : "TARGET"
      },
      "inputLanes" : [ ],
      "outputLanes" : [ ],
      "eventLanes" : [ ],
      "services" : [ ]
    } ],
    "valid" : true,
    "issues" : {
      "pipelineIssues" : [ ],
      "stageIssues" : { },
      "issueCount" : 0
    },
    "previewable" : false
  },
  "pipelineRules" : {
    "schemaVersion" : 3,
    "version" : 2,
    "metricsRuleDefinitions" : [ {
      "id" : "badRecordsAlertID",
      "alertText" : "High incidence of Error Records",
      "metricId" : "pipeline.batchErrorRecords.counter",
      "metricType" : "COUNTER",
      "metricElement" : "COUNTER_COUNT",
      "condition" : "${value() > 100}",
      "sendEmail" : false,
      "enabled" : false,
      "timestamp" : 1516878344795,
      "valid" : true
    }, {
      "id" : "stageErrorAlertID",
      "alertText" : "High incidence of Stage Errors",
      "metricId" : "pipeline.batchErrorMessages.counter",
      "metricType" : "COUNTER",
      "metricElement" : "COUNTER_COUNT",
      "condition" : "${value() > 100}",
      "sendEmail" : false,
      "enabled" : false,
      "timestamp" : 1516878344795,
      "valid" : true
    }, {
      "id" : "idleGaugeID",
      "alertText" : "Pipeline is Idle",
      "metricId" : "RuntimeStatsGauge.gauge",
      "metricType" : "GAUGE",
      "metricElement" : "TIME_OF_LAST_RECEIVED_RECORD",
      "condition" : "${time:now() - value() > 120000}",
      "sendEmail" : false,
      "enabled" : false,
      "timestamp" : 1516878344795,
      "valid" : true
    }, {
      "id" : "batchTimeAlertID",
      "alertText" : "Batch taking more time to process",
      "metricId" : "RuntimeStatsGauge.gauge",
      "metricType" : "GAUGE",
      "metricElement" : "CURRENT_BATCH_AGE",
      "condition" : "${value() > 200}",
      "sendEmail" : false,
      "enabled" : false,
      "timestamp" : 1516878344795,
      "valid" : true
    }, {
      "id" : "memoryLimitAlertID",
      "alertText" : "Memory limit for pipeline exceeded",
      "metricId" : "pipeline.memoryConsumed.counter",
      "metricType" : "COUNTER",
      "metricElement" : "COUNTER_COUNT",
      "condition" : "${value() > (jvm:maxMemoryMB() * 0.65)}",
      "sendEmail" : false,
      "enabled" : false,
      "timestamp" : 1516878344795,
      "valid" : true
    } ],
    "dataRuleDefinitions" : [ ],
    "driftRuleDefinitions" : [ ],
    "uuid" : "01b176ec-965d-4b2a-8edd-44839a35b024",
    "configuration" : [ {
      "name" : "emailIDs",
      "value" : [ ]
    }, {
      "name" : "webhookConfigs",
      "value" : [ ]
    } ],
    "ruleIssues" : null,
    "configIssues" : null
  },
  "libraryDefinitions" : null
}