{
  "pipelineConfig" : {
    "schemaVersion" : 5,
    "version" : 7,
    "pipelineId" : "Oxfordsearch1a6df38d-57b9-48de-96e9-6b3674936f3c",
    "title" : "6. Customs. Oxford search",
    "description" : "",
    "uuid" : "607510c9-f4f6-4c06-8231-a949944fbc06",
    "configuration" : [ {
      "name" : "executionMode",
      "value" : "STANDALONE"
    }, {
      "name" : "deliveryGuarantee",
      "value" : "AT_LEAST_ONCE"
    }, {
      "name" : "startEventStage",
      "value" : "streamsets-datacollector-basic-lib::com_streamsets_pipeline_stage_destination_devnull_ToErrorNullDTarget::1"
    }, {
      "name" : "stopEventStage",
      "value" : "streamsets-datacollector-basic-lib::com_streamsets_pipeline_stage_destination_devnull_ToErrorNullDTarget::1"
    }, {
      "name" : "shouldRetry",
      "value" : true
    }, {
      "name" : "retryAttempts",
      "value" : -1
    }, {
      "name" : "memoryLimit",
      "value" : "${jvm:maxMemoryMB() * 0.85}"
    }, {
      "name" : "memoryLimitExceeded",
      "value" : "LOG"
    }, {
      "name" : "notifyOnStates",
      "value" : [ "RUN_ERROR", "STOPPED", "FINISHED" ]
    }, {
      "name" : "emailIDs",
      "value" : [ ]
    }, {
      "name" : "constants",
      "value" : [ ]
    }, {
      "name" : "badRecordsHandling",
      "value" : "streamsets-datacollector-basic-lib::com_streamsets_pipeline_stage_destination_devnull_ToErrorNullDTarget::1"
    }, {
      "name" : "errorRecordPolicy",
      "value" : "ORIGINAL_RECORD"
    }, {
      "name" : "workerCount",
      "value" : 0
    }, {
      "name" : "clusterSlaveMemory",
      "value" : 2048
    }, {
      "name" : "clusterSlaveJavaOpts",
      "value" : "-XX:+UseConcMarkSweepGC -XX:+UseParNewGC -Dlog4j.debug"
    }, {
      "name" : "clusterLauncherEnv",
      "value" : [ ]
    }, {
      "name" : "mesosDispatcherURL",
      "value" : null
    }, {
      "name" : "hdfsS3ConfDir",
      "value" : null
    }, {
      "name" : "rateLimit",
      "value" : 0
    }, {
      "name" : "maxRunners",
      "value" : 0
    }, {
      "name" : "shouldCreateFailureSnapshot",
      "value" : true
    }, {
      "name" : "webhookConfigs",
      "value" : [ ]
    }, {
      "name" : "sparkConfigs",
      "value" : [ ]
    }, {
      "name" : "statsAggregatorStage",
      "value" : ""
    } ],
    "uiInfo" : {
      "previewConfig" : {
        "previewSource" : "CONFIGURED_SOURCE",
        "batchSize" : 10,
        "timeout" : 10000,
        "writeToDestinations" : false,
        "executeLifecycleEvents" : false,
        "showHeader" : false,
        "showFieldType" : true,
        "rememberMe" : false
      }
    },
    "stages" : [ {
      "instanceName" : "OneValueOrigin_01",
      "library" : "custom-components-1.0-SNAPSHOT",
      "stageName" : "com_demo_streamsets_source_OneValueDSource",
      "stageVersion" : "1",
      "configuration" : [ {
        "name" : "value",
        "value" : "javascript"
      }, {
        "name" : "outputFieldPath",
        "value" : "field"
      }, {
        "name" : "timeoutBeforeFinish",
        "value" : 100000
      }, {
        "name" : "stageOnRecordError",
        "value" : "TO_ERROR"
      } ],
      "uiInfo" : {
        "description" : "",
        "label" : "One Value Origin 1",
        "xPos" : 60,
        "yPos" : 50,
        "stageType" : "SOURCE"
      },
      "inputLanes" : [ ],
      "outputLanes" : [ "OneValueOrigin_01OutputLane15186227607300" ],
      "eventLanes" : [ ],
      "services" : [ ]
    }, {
      "instanceName" : "OxfordDictSearch_01",
      "library" : "custom-components-1.0-SNAPSHOT",
      "stageName" : "com_demo_streamsets_processor_OxfordDictSearchDProcessor",
      "stageVersion" : "1",
      "configuration" : [ {
        "name" : "inputFieldPath",
        "value" : "/field"
      }, {
        "name" : "stageOnRecordError",
        "value" : "TO_ERROR"
      }, {
        "name" : "stageRequiredFields",
        "value" : [ ]
      }, {
        "name" : "stageRecordPreconditions",
        "value" : [ ]
      }, {
        "name" : "outputField",
        "value" : "/response"
      }, {
        "name" : "limit",
        "value" : 10
      } ],
      "uiInfo" : {
        "description" : "",
        "label" : "Oxford Dict Search 1",
        "xPos" : 280,
        "yPos" : 50,
        "stageType" : "PROCESSOR"
      },
      "inputLanes" : [ "OneValueOrigin_01OutputLane15186227607300" ],
      "outputLanes" : [ "OxfordDictSearch_01OutputLane15186227612890" ],
      "eventLanes" : [ ],
      "services" : [ ]
    }, {
      "instanceName" : "JSONParser_01",
      "library" : "streamsets-datacollector-basic-lib",
      "stageName" : "com_streamsets_pipeline_stage_processor_jsonparser_JsonParserDProcessor",
      "stageVersion" : "1",
      "configuration" : [ {
        "name" : "fieldPathToParse",
        "value" : "/response"
      }, {
        "name" : "removeCtrlChars",
        "value" : false
      }, {
        "name" : "parsedFieldPath",
        "value" : "/response"
      }, {
        "name" : "stageOnRecordError",
        "value" : "TO_ERROR"
      }, {
        "name" : "stageRequiredFields",
        "value" : [ ]
      }, {
        "name" : "stageRecordPreconditions",
        "value" : [ ]
      } ],
      "uiInfo" : {
        "description" : "",
        "label" : "JSON Parser 1",
        "xPos" : 500,
        "yPos" : 50,
        "stageType" : "PROCESSOR"
      },
      "inputLanes" : [ "OxfordDictSearch_01OutputLane15186227612890" ],
      "outputLanes" : [ "JSONParser_01OutputLane15186240039100" ],
      "eventLanes" : [ ],
      "services" : [ ]
    }, {
      "instanceName" : "ToError_02",
      "library" : "streamsets-datacollector-basic-lib",
      "stageName" : "com_streamsets_pipeline_stage_destination_toerror_ToErrorDTarget",
      "stageVersion" : "1",
      "configuration" : [ ],
      "uiInfo" : {
        "description" : "",
        "label" : "To Error",
        "xPos" : 720,
        "yPos" : 50,
        "stageType" : "TARGET"
      },
      "inputLanes" : [ "JSONParser_01OutputLane15186240039100" ],
      "outputLanes" : [ ],
      "eventLanes" : [ ],
      "services" : [ ]
    } ],
    "errorStage" : {
      "instanceName" : "Discard_ErrorStage",
      "library" : "streamsets-datacollector-basic-lib",
      "stageName" : "com_streamsets_pipeline_stage_destination_devnull_ToErrorNullDTarget",
      "stageVersion" : "1",
      "configuration" : [ ],
      "uiInfo" : {
        "description" : "",
        "label" : "Error Records - Discard",
        "xPos" : 60,
        "yPos" : 50,
        "stageType" : "TARGET"
      },
      "inputLanes" : [ ],
      "outputLanes" : [ ],
      "eventLanes" : [ ],
      "services" : [ ]
    },
    "info" : {
      "pipelineId" : "Oxfordsearch1a6df38d-57b9-48de-96e9-6b3674936f3c",
      "title" : "6. Customs. Oxford search",
      "description" : "",
      "created" : 1518622751817,
      "lastModified" : 1519144713682,
      "creator" : "admin",
      "lastModifier" : "admin",
      "lastRev" : "0",
      "uuid" : "607510c9-f4f6-4c06-8231-a949944fbc06",
      "valid" : true,
      "metadata" : {
        "labels" : [ ]
      },
      "name" : "Oxfordsearch1a6df38d-57b9-48de-96e9-6b3674936f3c",
      "sdcVersion" : "3.0.2.0",
      "sdcId" : "9f376c68-119c-11e8-b6c7-c7d091002e31"
    },
    "metadata" : {
      "labels" : [ ]
    },
    "statsAggregatorStage" : null,
    "startEventStages" : [ {
      "instanceName" : "Discard_StartEventStage",
      "library" : "streamsets-datacollector-basic-lib",
      "stageName" : "com_streamsets_pipeline_stage_destination_devnull_ToErrorNullDTarget",
      "stageVersion" : "1",
      "configuration" : [ ],
      "uiInfo" : {
        "description" : "",
        "label" : "Start Event - Discard",
        "xPos" : 60,
        "yPos" : 50,
        "stageType" : "TARGET"
      },
      "inputLanes" : [ ],
      "outputLanes" : [ ],
      "eventLanes" : [ ],
      "services" : [ ]
    } ],
    "stopEventStages" : [ {
      "instanceName" : "Discard_StopEventStage",
      "library" : "streamsets-datacollector-basic-lib",
      "stageName" : "com_streamsets_pipeline_stage_destination_devnull_ToErrorNullDTarget",
      "stageVersion" : "1",
      "configuration" : [ ],
      "uiInfo" : {
        "description" : "",
        "label" : "Stop Event - Discard",
        "xPos" : 60,
        "yPos" : 50,
        "stageType" : "TARGET"
      },
      "inputLanes" : [ ],
      "outputLanes" : [ ],
      "eventLanes" : [ ],
      "services" : [ ]
    } ],
    "valid" : true,
    "issues" : {
      "pipelineIssues" : [ ],
      "stageIssues" : { },
      "issueCount" : 0
    },
    "previewable" : false
  },
  "pipelineRules" : {
    "schemaVersion" : 3,
    "version" : 2,
    "metricsRuleDefinitions" : [ {
      "id" : "badRecordsAlertID",
      "alertText" : "High incidence of Error Records",
      "metricId" : "pipeline.batchErrorRecords.counter",
      "metricType" : "COUNTER",
      "metricElement" : "COUNTER_COUNT",
      "condition" : "${value() > 100}",
      "sendEmail" : false,
      "enabled" : false,
      "timestamp" : 1518622751931,
      "valid" : true
    }, {
      "id" : "stageErrorAlertID",
      "alertText" : "High incidence of Stage Errors",
      "metricId" : "pipeline.batchErrorMessages.counter",
      "metricType" : "COUNTER",
      "metricElement" : "COUNTER_COUNT",
      "condition" : "${value() > 100}",
      "sendEmail" : false,
      "enabled" : false,
      "timestamp" : 1518622751931,
      "valid" : true
    }, {
      "id" : "idleGaugeID",
      "alertText" : "Pipeline is Idle",
      "metricId" : "RuntimeStatsGauge.gauge",
      "metricType" : "GAUGE",
      "metricElement" : "TIME_OF_LAST_RECEIVED_RECORD",
      "condition" : "${time:now() - value() > 120000}",
      "sendEmail" : false,
      "enabled" : false,
      "timestamp" : 1518622751931,
      "valid" : true
    }, {
      "id" : "batchTimeAlertID",
      "alertText" : "Batch taking more time to process",
      "metricId" : "RuntimeStatsGauge.gauge",
      "metricType" : "GAUGE",
      "metricElement" : "CURRENT_BATCH_AGE",
      "condition" : "${value() > 200}",
      "sendEmail" : false,
      "enabled" : false,
      "timestamp" : 1518622751931,
      "valid" : true
    }, {
      "id" : "memoryLimitAlertID",
      "alertText" : "Memory limit for pipeline exceeded",
      "metricId" : "pipeline.memoryConsumed.counter",
      "metricType" : "COUNTER",
      "metricElement" : "COUNTER_COUNT",
      "condition" : "${value() > (jvm:maxMemoryMB() * 0.65)}",
      "sendEmail" : false,
      "enabled" : false,
      "timestamp" : 1518622751931,
      "valid" : true
    } ],
    "dataRuleDefinitions" : [ ],
    "driftRuleDefinitions" : [ ],
    "uuid" : "5a201793-c5a3-4e60-800c-08c365f26df9",
    "configuration" : [ {
      "name" : "emailIDs",
      "value" : [ ]
    }, {
      "name" : "webhookConfigs",
      "value" : [ ]
    } ],
    "ruleIssues" : null,
    "configIssues" : null
  },
  "libraryDefinitions" : null
}