{
  "pipelineConfig" : {
    "schemaVersion" : 5,
    "version" : 7,
    "pipelineId" : "Waituntilandreadifanya08fdf6a62d74d308c65f43c681152a926aa7b2d-4cc5-4062-bcb2-64e9201e093c",
    "title" : "1. Rest to Elastic Search",
    "description" : "",
    "uuid" : "8a326ced-6a20-4531-8c6c-21618c81682c",
    "configuration" : [ {
      "name" : "executionMode",
      "value" : "STANDALONE"
    }, {
      "name" : "deliveryGuarantee",
      "value" : "AT_LEAST_ONCE"
    }, {
      "name" : "startEventStage",
      "value" : "streamsets-datacollector-basic-lib::com_streamsets_pipeline_stage_destination_devnull_ToErrorNullDTarget::1"
    }, {
      "name" : "stopEventStage",
      "value" : "streamsets-datacollector-basic-lib::com_streamsets_pipeline_stage_destination_devnull_ToErrorNullDTarget::1"
    }, {
      "name" : "shouldRetry",
      "value" : true
    }, {
      "name" : "retryAttempts",
      "value" : -1
    }, {
      "name" : "memoryLimit",
      "value" : "${jvm:maxMemoryMB() * 0.85}"
    }, {
      "name" : "memoryLimitExceeded",
      "value" : "LOG"
    }, {
      "name" : "notifyOnStates",
      "value" : [ "RUN_ERROR", "STOPPED", "FINISHED" ]
    }, {
      "name" : "emailIDs",
      "value" : [ ]
    }, {
      "name" : "constants",
      "value" : [ ]
    }, {
      "name" : "badRecordsHandling",
      "value" : "streamsets-datacollector-basic-lib::com_streamsets_pipeline_stage_destination_recordstolocalfilesystem_ToErrorLocalFSDTarget::1"
    }, {
      "name" : "errorRecordPolicy",
      "value" : "ORIGINAL_RECORD"
    }, {
      "name" : "workerCount",
      "value" : 0
    }, {
      "name" : "clusterSlaveMemory",
      "value" : 2048
    }, {
      "name" : "clusterSlaveJavaOpts",
      "value" : "-XX:+UseConcMarkSweepGC -XX:+UseParNewGC -Dlog4j.debug"
    }, {
      "name" : "clusterLauncherEnv",
      "value" : [ ]
    }, {
      "name" : "mesosDispatcherURL",
      "value" : null
    }, {
      "name" : "hdfsS3ConfDir",
      "value" : null
    }, {
      "name" : "rateLimit",
      "value" : 0
    }, {
      "name" : "maxRunners",
      "value" : 0
    }, {
      "name" : "shouldCreateFailureSnapshot",
      "value" : true
    }, {
      "name" : "webhookConfigs",
      "value" : [ ]
    }, {
      "name" : "sparkConfigs",
      "value" : [ ]
    }, {
      "name" : "statsAggregatorStage",
      "value" : ""
    } ],
    "uiInfo" : {
      "previewConfig" : {
        "previewSource" : "CONFIGURED_SOURCE",
        "batchSize" : 10,
        "timeout" : 10000,
        "writeToDestinations" : false,
        "executeLifecycleEvents" : false,
        "showHeader" : false,
        "showFieldType" : true,
        "rememberMe" : false
      }
    },
    "stages" : [ {
      "instanceName" : "HTTPClient_01",
      "library" : "streamsets-datacollector-basic-lib",
      "stageName" : "com_streamsets_pipeline_stage_origin_http_HttpClientDSource",
      "stageVersion" : "14",
      "configuration" : [ {
        "name" : "conf.basic.maxBatchSize",
        "value" : 1000
      }, {
        "name" : "conf.basic.maxWaitTime",
        "value" : 2000
      }, {
        "name" : "conf.dataFormatConfig.compression",
        "value" : "NONE"
      }, {
        "name" : "conf.dataFormatConfig.filePatternInArchive",
        "value" : "*"
      }, {
        "name" : "conf.dataFormatConfig.charset",
        "value" : "UTF-8"
      }, {
        "name" : "conf.dataFormatConfig.removeCtrlChars",
        "value" : false
      }, {
        "name" : "conf.dataFormatConfig.textMaxLineLen",
        "value" : 1024
      }, {
        "name" : "conf.dataFormatConfig.useCustomDelimiter",
        "value" : false
      }, {
        "name" : "conf.dataFormatConfig.customDelimiter",
        "value" : "\\r\\n"
      }, {
        "name" : "conf.dataFormatConfig.includeCustomDelimiterInTheText",
        "value" : false
      }, {
        "name" : "conf.dataFormatConfig.jsonMaxObjectLen",
        "value" : 4096
      }, {
        "name" : "conf.dataFormatConfig.csvFileFormat",
        "value" : "CSV"
      }, {
        "name" : "conf.dataFormatConfig.csvHeader",
        "value" : "NO_HEADER"
      }, {
        "name" : "conf.dataFormatConfig.csvAllowExtraColumns",
        "value" : false
      }, {
        "name" : "conf.dataFormatConfig.csvExtraColumnPrefix",
        "value" : "_extra_"
      }, {
        "name" : "conf.dataFormatConfig.csvMaxObjectLen",
        "value" : 1024
      }, {
        "name" : "conf.dataFormatConfig.csvCustomDelimiter",
        "value" : "|"
      }, {
        "name" : "conf.dataFormatConfig.csvCustomEscape",
        "value" : "\\"
      }, {
        "name" : "conf.dataFormatConfig.csvCustomQuote",
        "value" : "\""
      }, {
        "name" : "conf.dataFormatConfig.csvEnableComments",
        "value" : false
      }, {
        "name" : "conf.dataFormatConfig.csvCommentMarker",
        "value" : "#"
      }, {
        "name" : "conf.dataFormatConfig.csvIgnoreEmptyLines",
        "value" : true
      }, {
        "name" : "conf.dataFormatConfig.csvRecordType",
        "value" : "LIST_MAP"
      }, {
        "name" : "conf.dataFormatConfig.csvSkipStartLines",
        "value" : 0
      }, {
        "name" : "conf.dataFormatConfig.parseNull",
        "value" : false
      }, {
        "name" : "conf.dataFormatConfig.nullConstant",
        "value" : "\\\\N"
      }, {
        "name" : "conf.dataFormatConfig.xmlRecordElement",
        "value" : null
      }, {
        "name" : "conf.dataFormatConfig.includeFieldXpathAttributes",
        "value" : false
      }, {
        "name" : "conf.dataFormatConfig.xPathNamespaceContext",
        "value" : [ ]
      }, {
        "name" : "conf.dataFormatConfig.outputFieldAttributes",
        "value" : false
      }, {
        "name" : "conf.dataFormatConfig.xmlMaxObjectLen",
        "value" : 4096
      }, {
        "name" : "conf.dataFormatConfig.logMode",
        "value" : "COMMON_LOG_FORMAT"
      }, {
        "name" : "conf.dataFormatConfig.logMaxObjectLen",
        "value" : 1024
      }, {
        "name" : "conf.dataFormatConfig.retainOriginalLine",
        "value" : false
      }, {
        "name" : "conf.dataFormatConfig.customLogFormat",
        "value" : "%h %l %u %t \"%r\" %>s %b"
      }, {
        "name" : "conf.dataFormatConfig.regex",
        "value" : "^(\\S+) (\\S+) (\\S+) \\[([\\w:/]+\\s[+\\-]\\d{4})\\] \"(\\S+) (\\S+) (\\S+)\" (\\d{3}) (\\d+)"
      }, {
        "name" : "conf.dataFormatConfig.fieldPathsToGroupName",
        "value" : [ {
          "fieldPath" : "/",
          "group" : 1
        } ]
      }, {
        "name" : "conf.dataFormatConfig.grokPatternDefinition",
        "value" : null
      }, {
        "name" : "conf.dataFormatConfig.grokPattern",
        "value" : "%{COMMONAPACHELOG}"
      }, {
        "name" : "conf.dataFormatConfig.onParseError",
        "value" : "ERROR"
      }, {
        "name" : "conf.dataFormatConfig.maxStackTraceLines",
        "value" : 50
      }, {
        "name" : "conf.dataFormatConfig.enableLog4jCustomLogFormat",
        "value" : false
      }, {
        "name" : "conf.dataFormatConfig.log4jCustomLogFormat",
        "value" : "%r [%t] %-5p %c %x - %m%n"
      }, {
        "name" : "conf.dataFormatConfig.avroSchemaSource",
        "value" : null
      }, {
        "name" : "conf.dataFormatConfig.avroSchema",
        "value" : null
      }, {
        "name" : "conf.dataFormatConfig.schemaRegistryUrls",
        "value" : [ ]
      }, {
        "name" : "conf.dataFormatConfig.schemaLookupMode",
        "value" : "SUBJECT"
      }, {
        "name" : "conf.dataFormatConfig.subject",
        "value" : null
      }, {
        "name" : "conf.dataFormatConfig.schemaId",
        "value" : null
      }, {
        "name" : "conf.dataFormatConfig.protoDescriptorFile",
        "value" : null
      }, {
        "name" : "conf.dataFormatConfig.messageType",
        "value" : null
      }, {
        "name" : "conf.dataFormatConfig.isDelimited",
        "value" : true
      }, {
        "name" : "conf.dataFormatConfig.binaryMaxObjectLen",
        "value" : 1024
      }, {
        "name" : "conf.dataFormatConfig.datagramMode",
        "value" : "SYSLOG"
      }, {
        "name" : "conf.dataFormatConfig.typesDbPath",
        "value" : null
      }, {
        "name" : "conf.dataFormatConfig.convertTime",
        "value" : false
      }, {
        "name" : "conf.dataFormatConfig.excludeInterval",
        "value" : true
      }, {
        "name" : "conf.dataFormatConfig.authFilePath",
        "value" : null
      }, {
        "name" : "conf.dataFormatConfig.netflowOutputValuesMode",
        "value" : "RAW_AND_INTERPRETED"
      }, {
        "name" : "conf.dataFormatConfig.maxTemplateCacheSize",
        "value" : -1
      }, {
        "name" : "conf.dataFormatConfig.templateCacheTimeoutMs",
        "value" : -1
      }, {
        "name" : "conf.dataFormatConfig.netflowOutputValuesModeDatagram",
        "value" : "RAW_AND_INTERPRETED"
      }, {
        "name" : "conf.dataFormatConfig.maxTemplateCacheSizeDatagram",
        "value" : -1
      }, {
        "name" : "conf.dataFormatConfig.templateCacheTimeoutMsDatagram",
        "value" : -1
      }, {
        "name" : "conf.dataFormatConfig.wholeFileMaxObjectLen",
        "value" : 8192
      }, {
        "name" : "conf.dataFormatConfig.rateLimit",
        "value" : "-1"
      }, {
        "name" : "conf.dataFormatConfig.verifyChecksum",
        "value" : false
      }, {
        "name" : "conf.resourceUrl",
        "value" : "http://EPRUPETW9854.petersburg.epam.com:8080/test/getany"
      }, {
        "name" : "conf.headers",
        "value" : [ ]
      }, {
        "name" : "conf.httpMethod",
        "value" : "GET"
      }, {
        "name" : "conf.timeZoneID",
        "value" : "UTC"
      }, {
        "name" : "conf.requestBody",
        "value" : null
      }, {
        "name" : "conf.defaultRequestContentType",
        "value" : "application/json"
      }, {
        "name" : "conf.client.transferEncoding",
        "value" : "CHUNKED"
      }, {
        "name" : "conf.client.httpCompression",
        "value" : "NONE"
      }, {
        "name" : "conf.client.connectTimeoutMillis",
        "value" : 0
      }, {
        "name" : "conf.client.readTimeoutMillis",
        "value" : 0
      }, {
        "name" : "conf.client.authType",
        "value" : "NONE"
      }, {
        "name" : "conf.client.useOAuth2",
        "value" : false
      }, {
        "name" : "conf.client.oauth.consumerKey",
        "value" : null
      }, {
        "name" : "conf.client.oauth.consumerSecret",
        "value" : null
      }, {
        "name" : "conf.client.oauth.token",
        "value" : null
      }, {
        "name" : "conf.client.oauth.tokenSecret",
        "value" : null
      }, {
        "name" : "conf.client.oauth2.credentialsGrantType",
        "value" : null
      }, {
        "name" : "conf.client.oauth2.tokenUrl",
        "value" : null
      }, {
        "name" : "conf.client.oauth2.clientId",
        "value" : null
      }, {
        "name" : "conf.client.oauth2.clientSecret",
        "value" : null
      }, {
        "name" : "conf.client.oauth2.username",
        "value" : null
      }, {
        "name" : "conf.client.oauth2.password",
        "value" : null
      }, {
        "name" : "conf.client.oauth2.resourceOwnerClientId",
        "value" : null
      }, {
        "name" : "conf.client.oauth2.resourceOwnerClientSecret",
        "value" : null
      }, {
        "name" : "conf.client.oauth2.algorithm",
        "value" : "NONE"
      }, {
        "name" : "conf.client.oauth2.key",
        "value" : null
      }, {
        "name" : "conf.client.oauth2.jwtClaims",
        "value" : null
      }, {
        "name" : "conf.client.oauth2.transferEncoding",
        "value" : "BUFFERED"
      }, {
        "name" : "conf.client.oauth2.additionalValues",
        "value" : [ { } ]
      }, {
        "name" : "conf.client.basicAuth.username",
        "value" : null
      }, {
        "name" : "conf.client.basicAuth.password",
        "value" : null
      }, {
        "name" : "conf.client.useProxy",
        "value" : false
      }, {
        "name" : "conf.client.proxy.uri",
        "value" : null
      }, {
        "name" : "conf.client.proxy.username",
        "value" : null
      }, {
        "name" : "conf.client.proxy.password",
        "value" : null
      }, {
        "name" : "conf.client.tlsConfig.tlsEnabled",
        "value" : false
      }, {
        "name" : "conf.client.tlsConfig.keyStoreFilePath",
        "value" : null
      }, {
        "name" : "conf.client.tlsConfig.keyStoreType",
        "value" : "JKS"
      }, {
        "name" : "conf.client.tlsConfig.keyStorePassword",
        "value" : null
      }, {
        "name" : "conf.client.tlsConfig.keyStoreAlgorithm",
        "value" : "SunX509"
      }, {
        "name" : "conf.client.tlsConfig.trustStoreFilePath",
        "value" : null
      }, {
        "name" : "conf.client.tlsConfig.trustStoreType",
        "value" : "JKS"
      }, {
        "name" : "conf.client.tlsConfig.trustStorePassword",
        "value" : null
      }, {
        "name" : "conf.client.tlsConfig.trustStoreAlgorithm",
        "value" : "SunX509"
      }, {
        "name" : "conf.client.tlsConfig.useDefaultProtocols",
        "value" : true
      }, {
        "name" : "conf.client.tlsConfig.protocols",
        "value" : [ ]
      }, {
        "name" : "conf.client.tlsConfig.useDefaultCiperSuites",
        "value" : true
      }, {
        "name" : "conf.client.tlsConfig.cipherSuites",
        "value" : [ ]
      }, {
        "name" : "conf.client.requestLoggingConfig.enableRequestLogging",
        "value" : false
      }, {
        "name" : "conf.client.requestLoggingConfig.logLevel",
        "value" : "FINE"
      }, {
        "name" : "conf.client.requestLoggingConfig.verbosity",
        "value" : "HEADERS_ONLY"
      }, {
        "name" : "conf.client.requestLoggingConfig.maxEntitySize",
        "value" : 0
      }, {
        "name" : "conf.httpMode",
        "value" : "POLLING"
      }, {
        "name" : "conf.pollingInterval",
        "value" : 5000
      }, {
        "name" : "conf.dataFormat",
        "value" : "JSON"
      }, {
        "name" : "conf.responseStatusActionConfigs",
        "value" : [ {
          "statusCode" : 500,
          "action" : "RETRY_EXPONENTIAL_BACKOFF",
          "backoffInterval" : 1000,
          "maxNumRetries" : 10
        } ]
      }, {
        "name" : "conf.responseTimeoutActionConfig.action",
        "value" : "RETRY_IMMEDIATELY"
      }, {
        "name" : "conf.responseTimeoutActionConfig.backoffInterval",
        "value" : 1000
      }, {
        "name" : "conf.responseTimeoutActionConfig.maxNumRetries",
        "value" : 10
      }, {
        "name" : "conf.pagination.mode",
        "value" : "NONE"
      }, {
        "name" : "conf.pagination.startAt",
        "value" : null
      }, {
        "name" : "conf.pagination.resultFieldPath",
        "value" : null
      }, {
        "name" : "conf.pagination.keepAllFields",
        "value" : false
      }, {
        "name" : "conf.pagination.rateLimit",
        "value" : 2000
      }, {
        "name" : "stageOnRecordError",
        "value" : "TO_ERROR"
      } ],
      "uiInfo" : {
        "description" : "",
        "label" : "HTTP Client 1",
        "xPos" : 60,
        "yPos" : 50,
        "stageType" : "SOURCE"
      },
      "inputLanes" : [ ],
      "outputLanes" : [ "HTTPClient_01OutputLane15168858507530" ],
      "eventLanes" : [ ],
      "services" : [ ]
    }, {
      "instanceName" : "Elasticsearch_01",
      "library" : "streamsets-datacollector-elasticsearch_5-lib",
      "stageName" : "com_streamsets_pipeline_stage_destination_elasticsearch_ElasticSearchDTarget",
      "stageVersion" : "8",
      "configuration" : [ {
        "name" : "elasticSearchConfig.timeDriver",
        "value" : "${time:now()}"
      }, {
        "name" : "elasticSearchConfig.timeZoneID",
        "value" : "UTC"
      }, {
        "name" : "elasticSearchConfig.indexTemplate",
        "value" : "my-text-index"
      }, {
        "name" : "elasticSearchConfig.typeTemplate",
        "value" : "changedanytext"
      }, {
        "name" : "elasticSearchConfig.docIdTemplate",
        "value" : null
      }, {
        "name" : "elasticSearchConfig.parentIdTemplate",
        "value" : null
      }, {
        "name" : "elasticSearchConfig.routingTemplate",
        "value" : null
      }, {
        "name" : "elasticSearchConfig.charset",
        "value" : "UTF-8"
      }, {
        "name" : "elasticSearchConfig.defaultOperation",
        "value" : "INDEX"
      }, {
        "name" : "elasticSearchConfig.unsupportedAction",
        "value" : "SEND_TO_ERROR"
      }, {
        "name" : "elasticSearchConfig.securityConfig.securityUser",
        "value" : "username:password"
      }, {
        "name" : "elasticSearchConfig.securityConfig.sslTrustStorePath",
        "value" : null
      }, {
        "name" : "elasticSearchConfig.securityConfig.sslTrustStorePassword",
        "value" : null
      }, {
        "name" : "elasticSearchConfig.httpUris",
        "value" : [ "elastic:9200" ]
      }, {
        "name" : "elasticSearchConfig.params",
        "value" : [ ]
      }, {
        "name" : "elasticSearchConfig.clientSniff",
        "value" : false
      }, {
        "name" : "elasticSearchConfig.useSecurity",
        "value" : false
      }, {
        "name" : "stageOnRecordError",
        "value" : "TO_ERROR"
      }, {
        "name" : "stageRequiredFields",
        "value" : [ ]
      }, {
        "name" : "stageRecordPreconditions",
        "value" : [ ]
      } ],
      "uiInfo" : {
        "description" : "",
        "label" : "Elasticsearch 1",
        "xPos" : 280,
        "yPos" : 50,
        "stageType" : "TARGET"
      },
      "inputLanes" : [ "HTTPClient_01OutputLane15168858507530" ],
      "outputLanes" : [ ],
      "eventLanes" : [ ],
      "services" : [ ]
    } ],
    "errorStage" : {
      "instanceName" : "WritetoFile_ErrorStage",
      "library" : "streamsets-datacollector-basic-lib",
      "stageName" : "com_streamsets_pipeline_stage_destination_recordstolocalfilesystem_ToErrorLocalFSDTarget",
      "stageVersion" : "1",
      "configuration" : [ {
        "name" : "directory",
        "value" : "/home/sdc/errors"
      }, {
        "name" : "uniquePrefix",
        "value" : "sdc-${sdc:id()}"
      }, {
        "name" : "rotationIntervalSecs",
        "value" : "${1 * HOURS}"
      }, {
        "name" : "maxFileSizeMbs",
        "value" : 512
      } ],
      "uiInfo" : {
        "description" : "",
        "label" : "Error Records - Write to File",
        "xPos" : 965,
        "yPos" : 50,
        "stageType" : "TARGET"
      },
      "inputLanes" : [ ],
      "outputLanes" : [ ],
      "eventLanes" : [ ],
      "services" : [ ]
    },
    "info" : {
      "pipelineId" : "Waituntilandreadifanya08fdf6a62d74d308c65f43c681152a926aa7b2d-4cc5-4062-bcb2-64e9201e093c",
      "title" : "1. Rest to Elastic Search",
      "description" : "",
      "created" : 1518642296439,
      "lastModified" : 1519129659771,
      "creator" : "admin",
      "lastModifier" : "admin",
      "lastRev" : "0",
      "uuid" : "8a326ced-6a20-4531-8c6c-21618c81682c",
      "valid" : true,
      "metadata" : {
        "labels" : [ ]
      },
      "name" : "Waituntilandreadifanya08fdf6a62d74d308c65f43c681152a926aa7b2d-4cc5-4062-bcb2-64e9201e093c",
      "sdcVersion" : "3.0.2.0",
      "sdcId" : "9f376c68-119c-11e8-b6c7-c7d091002e31"
    },
    "metadata" : {
      "labels" : [ ]
    },
    "statsAggregatorStage" : null,
    "startEventStages" : [ {
      "instanceName" : "Discard_StartEventStage",
      "library" : "streamsets-datacollector-basic-lib",
      "stageName" : "com_streamsets_pipeline_stage_destination_devnull_ToErrorNullDTarget",
      "stageVersion" : "1",
      "configuration" : [ ],
      "uiInfo" : {
        "description" : "",
        "label" : "Start Event - Discard",
        "xPos" : 280,
        "yPos" : 50,
        "stageType" : "TARGET"
      },
      "inputLanes" : [ ],
      "outputLanes" : [ ],
      "eventLanes" : [ ],
      "services" : [ ]
    } ],
    "stopEventStages" : [ {
      "instanceName" : "Discard_StopEventStage",
      "library" : "streamsets-datacollector-basic-lib",
      "stageName" : "com_streamsets_pipeline_stage_destination_devnull_ToErrorNullDTarget",
      "stageVersion" : "1",
      "configuration" : [ ],
      "uiInfo" : {
        "description" : "",
        "label" : "Stop Event - Discard",
        "xPos" : 280,
        "yPos" : 50,
        "stageType" : "TARGET"
      },
      "inputLanes" : [ ],
      "outputLanes" : [ ],
      "eventLanes" : [ ],
      "services" : [ ]
    } ],
    "valid" : true,
    "issues" : {
      "pipelineIssues" : [ ],
      "stageIssues" : { },
      "issueCount" : 0
    },
    "previewable" : false
  },
  "pipelineRules" : {
    "schemaVersion" : 3,
    "version" : 2,
    "metricsRuleDefinitions" : [ {
      "id" : "badRecordsAlertID",
      "alertText" : "High incidence of Error Records",
      "metricId" : "pipeline.batchErrorRecords.counter",
      "metricType" : "COUNTER",
      "metricElement" : "COUNTER_COUNT",
      "condition" : "${value() > 100}",
      "sendEmail" : false,
      "enabled" : false,
      "timestamp" : 1516885847437,
      "valid" : true
    }, {
      "id" : "stageErrorAlertID",
      "alertText" : "High incidence of Stage Errors",
      "metricId" : "pipeline.batchErrorMessages.counter",
      "metricType" : "COUNTER",
      "metricElement" : "COUNTER_COUNT",
      "condition" : "${value() > 100}",
      "sendEmail" : false,
      "enabled" : false,
      "timestamp" : 1516885847437,
      "valid" : true
    }, {
      "id" : "idleGaugeID",
      "alertText" : "Pipeline is Idle",
      "metricId" : "RuntimeStatsGauge.gauge",
      "metricType" : "GAUGE",
      "metricElement" : "TIME_OF_LAST_RECEIVED_RECORD",
      "condition" : "${time:now() - value() > 120000}",
      "sendEmail" : false,
      "enabled" : false,
      "timestamp" : 1516885847437,
      "valid" : true
    }, {
      "id" : "batchTimeAlertID",
      "alertText" : "Batch taking more time to process",
      "metricId" : "RuntimeStatsGauge.gauge",
      "metricType" : "GAUGE",
      "metricElement" : "CURRENT_BATCH_AGE",
      "condition" : "${value() > 200}",
      "sendEmail" : false,
      "enabled" : false,
      "timestamp" : 1516885847437,
      "valid" : true
    }, {
      "id" : "memoryLimitAlertID",
      "alertText" : "Memory limit for pipeline exceeded",
      "metricId" : "pipeline.memoryConsumed.counter",
      "metricType" : "COUNTER",
      "metricElement" : "COUNTER_COUNT",
      "condition" : "${value() > (jvm:maxMemoryMB() * 0.65)}",
      "sendEmail" : false,
      "enabled" : false,
      "timestamp" : 1516885847437,
      "valid" : true
    } ],
    "dataRuleDefinitions" : [ ],
    "driftRuleDefinitions" : [ ],
    "uuid" : "b9651edd-90d9-4526-9679-bb9576895ba2",
    "configuration" : [ {
      "name" : "emailIDs",
      "value" : [ ]
    }, {
      "name" : "webhookConfigs",
      "value" : [ ]
    } ],
    "ruleIssues" : null,
    "configIssues" : null
  },
  "libraryDefinitions" : null
}