{
  "pipelineConfig" : {
    "schemaVersion" : 5,
    "version" : 7,
    "pipelineId" : "WithHTTPserver85f58cfbd2354d7ea387d4ce4adf1631127ba07e-acd4-4285-b272-97d96f7122ee",
    "title" : "3. Listen and store and aggregate to Elasticsearch",
    "description" : "",
    "uuid" : "6b573d51-549c-468d-ab80-2a2b1b5de5ba",
    "configuration" : [ {
      "name" : "executionMode",
      "value" : "STANDALONE"
    }, {
      "name" : "deliveryGuarantee",
      "value" : "AT_LEAST_ONCE"
    }, {
      "name" : "startEventStage",
      "value" : "streamsets-datacollector-basic-lib::com_streamsets_pipeline_stage_destination_devnull_ToErrorNullDTarget::1"
    }, {
      "name" : "stopEventStage",
      "value" : "streamsets-datacollector-basic-lib::com_streamsets_pipeline_stage_destination_devnull_ToErrorNullDTarget::1"
    }, {
      "name" : "shouldRetry",
      "value" : true
    }, {
      "name" : "retryAttempts",
      "value" : -1
    }, {
      "name" : "memoryLimit",
      "value" : "${jvm:maxMemoryMB() * 0.85}"
    }, {
      "name" : "memoryLimitExceeded",
      "value" : "LOG"
    }, {
      "name" : "notifyOnStates",
      "value" : [ "RUN_ERROR", "STOPPED", "FINISHED" ]
    }, {
      "name" : "emailIDs",
      "value" : [ ]
    }, {
      "name" : "constants",
      "value" : [ ]
    }, {
      "name" : "badRecordsHandling",
      "value" : "streamsets-datacollector-basic-lib::com_streamsets_pipeline_stage_destination_recordstolocalfilesystem_ToErrorLocalFSDTarget::1"
    }, {
      "name" : "errorRecordPolicy",
      "value" : "ORIGINAL_RECORD"
    }, {
      "name" : "workerCount",
      "value" : 0
    }, {
      "name" : "clusterSlaveMemory",
      "value" : 2048
    }, {
      "name" : "clusterSlaveJavaOpts",
      "value" : "-XX:+UseConcMarkSweepGC -XX:+UseParNewGC -Dlog4j.debug"
    }, {
      "name" : "clusterLauncherEnv",
      "value" : [ ]
    }, {
      "name" : "mesosDispatcherURL",
      "value" : null
    }, {
      "name" : "hdfsS3ConfDir",
      "value" : null
    }, {
      "name" : "rateLimit",
      "value" : 0
    }, {
      "name" : "maxRunners",
      "value" : 0
    }, {
      "name" : "shouldCreateFailureSnapshot",
      "value" : true
    }, {
      "name" : "webhookConfigs",
      "value" : [ ]
    }, {
      "name" : "sparkConfigs",
      "value" : [ ]
    }, {
      "name" : "statsAggregatorStage",
      "value" : ""
    } ],
    "uiInfo" : {
      "previewConfig" : {
        "previewSource" : "CONFIGURED_SOURCE",
        "batchSize" : 10,
        "timeout" : 10000,
        "writeToDestinations" : false,
        "executeLifecycleEvents" : false,
        "showHeader" : false,
        "showFieldType" : true,
        "rememberMe" : false
      }
    },
    "stages" : [ {
      "instanceName" : "HTTPServer_01",
      "library" : "streamsets-datacollector-basic-lib",
      "stageName" : "com_streamsets_pipeline_stage_origin_httpserver_HttpServerDPushSource",
      "stageVersion" : "10",
      "configuration" : [ {
        "name" : "httpConfigs.tlsConfigBean.tlsEnabled",
        "value" : false
      }, {
        "name" : "httpConfigs.tlsConfigBean.keyStoreFilePath",
        "value" : null
      }, {
        "name" : "httpConfigs.tlsConfigBean.keyStoreType",
        "value" : "JKS"
      }, {
        "name" : "httpConfigs.tlsConfigBean.keyStorePassword",
        "value" : null
      }, {
        "name" : "httpConfigs.tlsConfigBean.keyStoreAlgorithm",
        "value" : "SunX509"
      }, {
        "name" : "httpConfigs.tlsConfigBean.useDefaultProtocols",
        "value" : true
      }, {
        "name" : "httpConfigs.tlsConfigBean.protocols",
        "value" : [ ]
      }, {
        "name" : "httpConfigs.tlsConfigBean.useDefaultCiperSuites",
        "value" : true
      }, {
        "name" : "httpConfigs.tlsConfigBean.cipherSuites",
        "value" : [ ]
      }, {
        "name" : "httpConfigs.port",
        "value" : 8000
      }, {
        "name" : "httpConfigs.maxConcurrentRequests",
        "value" : 10
      }, {
        "name" : "httpConfigs.appId",
        "value" : "123"
      }, {
        "name" : "httpConfigs.appIdViaQueryParamAllowed",
        "value" : false
      }, {
        "name" : "maxRequestSizeMB",
        "value" : 100
      }, {
        "name" : "dataFormat",
        "value" : "JSON"
      }, {
        "name" : "dataFormatConfig.compression",
        "value" : "NONE"
      }, {
        "name" : "dataFormatConfig.filePatternInArchive",
        "value" : "*"
      }, {
        "name" : "dataFormatConfig.charset",
        "value" : "UTF-8"
      }, {
        "name" : "dataFormatConfig.removeCtrlChars",
        "value" : false
      }, {
        "name" : "dataFormatConfig.textMaxLineLen",
        "value" : 1024
      }, {
        "name" : "dataFormatConfig.useCustomDelimiter",
        "value" : false
      }, {
        "name" : "dataFormatConfig.customDelimiter",
        "value" : "\\r\\n"
      }, {
        "name" : "dataFormatConfig.includeCustomDelimiterInTheText",
        "value" : false
      }, {
        "name" : "dataFormatConfig.jsonContent",
        "value" : "MULTIPLE_OBJECTS"
      }, {
        "name" : "dataFormatConfig.jsonMaxObjectLen",
        "value" : 4096
      }, {
        "name" : "dataFormatConfig.csvFileFormat",
        "value" : "CSV"
      }, {
        "name" : "dataFormatConfig.csvHeader",
        "value" : "NO_HEADER"
      }, {
        "name" : "dataFormatConfig.csvAllowExtraColumns",
        "value" : false
      }, {
        "name" : "dataFormatConfig.csvExtraColumnPrefix",
        "value" : "_extra_"
      }, {
        "name" : "dataFormatConfig.csvMaxObjectLen",
        "value" : 1024
      }, {
        "name" : "dataFormatConfig.csvCustomDelimiter",
        "value" : "|"
      }, {
        "name" : "dataFormatConfig.csvCustomEscape",
        "value" : "\\"
      }, {
        "name" : "dataFormatConfig.csvCustomQuote",
        "value" : "\""
      }, {
        "name" : "dataFormatConfig.csvEnableComments",
        "value" : false
      }, {
        "name" : "dataFormatConfig.csvCommentMarker",
        "value" : "#"
      }, {
        "name" : "dataFormatConfig.csvIgnoreEmptyLines",
        "value" : true
      }, {
        "name" : "dataFormatConfig.csvRecordType",
        "value" : "LIST_MAP"
      }, {
        "name" : "dataFormatConfig.csvSkipStartLines",
        "value" : 0
      }, {
        "name" : "dataFormatConfig.parseNull",
        "value" : false
      }, {
        "name" : "dataFormatConfig.nullConstant",
        "value" : "\\\\N"
      }, {
        "name" : "dataFormatConfig.xmlRecordElement",
        "value" : null
      }, {
        "name" : "dataFormatConfig.includeFieldXpathAttributes",
        "value" : false
      }, {
        "name" : "dataFormatConfig.xPathNamespaceContext",
        "value" : [ ]
      }, {
        "name" : "dataFormatConfig.outputFieldAttributes",
        "value" : false
      }, {
        "name" : "dataFormatConfig.xmlMaxObjectLen",
        "value" : 4096
      }, {
        "name" : "dataFormatConfig.logMode",
        "value" : "COMMON_LOG_FORMAT"
      }, {
        "name" : "dataFormatConfig.logMaxObjectLen",
        "value" : 1024
      }, {
        "name" : "dataFormatConfig.retainOriginalLine",
        "value" : false
      }, {
        "name" : "dataFormatConfig.customLogFormat",
        "value" : "%h %l %u %t \"%r\" %>s %b"
      }, {
        "name" : "dataFormatConfig.regex",
        "value" : "^(\\S+) (\\S+) (\\S+) \\[([\\w:/]+\\s[+\\-]\\d{4})\\] \"(\\S+) (\\S+) (\\S+)\" (\\d{3}) (\\d+)"
      }, {
        "name" : "dataFormatConfig.fieldPathsToGroupName",
        "value" : [ {
          "fieldPath" : "/",
          "group" : 1
        } ]
      }, {
        "name" : "dataFormatConfig.grokPatternDefinition",
        "value" : null
      }, {
        "name" : "dataFormatConfig.grokPattern",
        "value" : "%{COMMONAPACHELOG}"
      }, {
        "name" : "dataFormatConfig.onParseError",
        "value" : "ERROR"
      }, {
        "name" : "dataFormatConfig.maxStackTraceLines",
        "value" : 50
      }, {
        "name" : "dataFormatConfig.enableLog4jCustomLogFormat",
        "value" : false
      }, {
        "name" : "dataFormatConfig.log4jCustomLogFormat",
        "value" : "%r [%t] %-5p %c %x - %m%n"
      }, {
        "name" : "dataFormatConfig.avroSchema",
        "value" : null
      }, {
        "name" : "dataFormatConfig.schemaRegistryUrls",
        "value" : [ ]
      }, {
        "name" : "dataFormatConfig.schemaLookupMode",
        "value" : "SUBJECT"
      }, {
        "name" : "dataFormatConfig.subject",
        "value" : null
      }, {
        "name" : "dataFormatConfig.schemaId",
        "value" : null
      }, {
        "name" : "dataFormatConfig.protoDescriptorFile",
        "value" : null
      }, {
        "name" : "dataFormatConfig.messageType",
        "value" : null
      }, {
        "name" : "dataFormatConfig.isDelimited",
        "value" : true
      }, {
        "name" : "dataFormatConfig.binaryMaxObjectLen",
        "value" : 1024
      }, {
        "name" : "dataFormatConfig.datagramMode",
        "value" : "SYSLOG"
      }, {
        "name" : "dataFormatConfig.typesDbPath",
        "value" : null
      }, {
        "name" : "dataFormatConfig.convertTime",
        "value" : false
      }, {
        "name" : "dataFormatConfig.excludeInterval",
        "value" : true
      }, {
        "name" : "dataFormatConfig.authFilePath",
        "value" : null
      }, {
        "name" : "dataFormatConfig.netflowOutputValuesMode",
        "value" : "RAW_AND_INTERPRETED"
      }, {
        "name" : "dataFormatConfig.maxTemplateCacheSize",
        "value" : -1
      }, {
        "name" : "dataFormatConfig.templateCacheTimeoutMs",
        "value" : -1
      }, {
        "name" : "dataFormatConfig.netflowOutputValuesModeDatagram",
        "value" : "RAW_AND_INTERPRETED"
      }, {
        "name" : "dataFormatConfig.maxTemplateCacheSizeDatagram",
        "value" : -1
      }, {
        "name" : "dataFormatConfig.templateCacheTimeoutMsDatagram",
        "value" : -1
      }, {
        "name" : "dataFormatConfig.wholeFileMaxObjectLen",
        "value" : 8192
      }, {
        "name" : "dataFormatConfig.rateLimit",
        "value" : "-1"
      }, {
        "name" : "stageOnRecordError",
        "value" : "TO_ERROR"
      } ],
      "uiInfo" : {
        "description" : "",
        "label" : "HTTP Server 1",
        "xPos" : 60,
        "yPos" : 50,
        "stageType" : "SOURCE"
      },
      "inputLanes" : [ ],
      "outputLanes" : [ "HTTPServer_01OutputLane15168927201610" ],
      "eventLanes" : [ ],
      "services" : [ ]
    }, {
      "instanceName" : "Aggregator_01",
      "library" : "streamsets-datacollector-basic-lib",
      "stageName" : "com_streamsets_pipeline_stage_processor_aggregation_AggregationDProcessor",
      "stageVersion" : "1",
      "configuration" : [ {
        "name" : "config.windowType",
        "value" : "ROLLING"
      }, {
        "name" : "config.timeWindow",
        "value" : "TW_30S"
      }, {
        "name" : "config.windowLength",
        "value" : "TW_5S"
      }, {
        "name" : "config.timeZoneID",
        "value" : "UTC"
      }, {
        "name" : "config.timeWindowsToRemember",
        "value" : 3
      }, {
        "name" : "config.aggregatorConfigs",
        "value" : [ {
          "enabled" : true,
          "filter" : false,
          "aggregationFunction" : "SUM_DOUBLE",
          "aggregationExpression" : "${record:value('/data')}",
          "groupBy" : false,
          "aggregationName" : "sum",
          "aggregationTitle" : "Sum"
        } ]
      }, {
        "name" : "config.allAggregatorsEvent",
        "value" : true
      }, {
        "name" : "config.perAggregatorEvents",
        "value" : false
      }, {
        "name" : "stageOnRecordError",
        "value" : "TO_ERROR"
      }, {
        "name" : "stageRequiredFields",
        "value" : [ ]
      }, {
        "name" : "stageRecordPreconditions",
        "value" : [ ]
      } ],
      "uiInfo" : {
        "description" : "",
        "label" : "Aggregator 1",
        "xPos" : 280,
        "yPos" : 50,
        "stageType" : "PROCESSOR"
      },
      "inputLanes" : [ "HTTPServer_01OutputLane15168927201610" ],
      "outputLanes" : [ "Aggregator_01OutputLane15168929196790" ],
      "eventLanes" : [ ],
      "services" : [ ]
    }, {
      "instanceName" : "Elasticsearch_01",
      "library" : "streamsets-datacollector-elasticsearch_5-lib",
      "stageName" : "com_streamsets_pipeline_stage_destination_elasticsearch_ElasticSearchDTarget",
      "stageVersion" : "8",
      "configuration" : [ {
        "name" : "elasticSearchConfig.timeDriver",
        "value" : "${time:now()}"
      }, {
        "name" : "elasticSearchConfig.timeZoneID",
        "value" : "UTC"
      }, {
        "name" : "elasticSearchConfig.indexTemplate",
        "value" : "my-aggregations-index"
      }, {
        "name" : "elasticSearchConfig.typeTemplate",
        "value" : "aggregatednumberevery5seconds"
      }, {
        "name" : "elasticSearchConfig.docIdTemplate",
        "value" : null
      }, {
        "name" : "elasticSearchConfig.parentIdTemplate",
        "value" : null
      }, {
        "name" : "elasticSearchConfig.routingTemplate",
        "value" : null
      }, {
        "name" : "elasticSearchConfig.charset",
        "value" : "UTF-8"
      }, {
        "name" : "elasticSearchConfig.defaultOperation",
        "value" : "INDEX"
      }, {
        "name" : "elasticSearchConfig.unsupportedAction",
        "value" : "SEND_TO_ERROR"
      }, {
        "name" : "elasticSearchConfig.securityConfig.securityUser",
        "value" : "username:password"
      }, {
        "name" : "elasticSearchConfig.securityConfig.sslTrustStorePath",
        "value" : null
      }, {
        "name" : "elasticSearchConfig.securityConfig.sslTrustStorePassword",
        "value" : null
      }, {
        "name" : "elasticSearchConfig.httpUris",
        "value" : [ "elastic:9200" ]
      }, {
        "name" : "elasticSearchConfig.params",
        "value" : [ ]
      }, {
        "name" : "elasticSearchConfig.clientSniff",
        "value" : false
      }, {
        "name" : "elasticSearchConfig.useSecurity",
        "value" : false
      }, {
        "name" : "stageOnRecordError",
        "value" : "TO_ERROR"
      }, {
        "name" : "stageRequiredFields",
        "value" : [ ]
      }, {
        "name" : "stageRecordPreconditions",
        "value" : [ ]
      } ],
      "uiInfo" : {
        "description" : "",
        "label" : "Elasticsearch 1",
        "xPos" : 500,
        "yPos" : 50,
        "stageType" : "TARGET"
      },
      "inputLanes" : [ "Aggregator_01OutputLane15168929196790" ],
      "outputLanes" : [ ],
      "eventLanes" : [ ],
      "services" : [ ]
    }, {
      "instanceName" : "Elasticsearch_02",
      "library" : "streamsets-datacollector-elasticsearch_5-lib",
      "stageName" : "com_streamsets_pipeline_stage_destination_elasticsearch_ElasticSearchDTarget",
      "stageVersion" : "8",
      "configuration" : [ {
        "name" : "elasticSearchConfig.timeDriver",
        "value" : "${time:now()}"
      }, {
        "name" : "elasticSearchConfig.timeZoneID",
        "value" : "UTC"
      }, {
        "name" : "elasticSearchConfig.indexTemplate",
        "value" : "my-raw-numbers-index"
      }, {
        "name" : "elasticSearchConfig.typeTemplate",
        "value" : "rawnumbers"
      }, {
        "name" : "elasticSearchConfig.docIdTemplate",
        "value" : null
      }, {
        "name" : "elasticSearchConfig.parentIdTemplate",
        "value" : null
      }, {
        "name" : "elasticSearchConfig.routingTemplate",
        "value" : null
      }, {
        "name" : "elasticSearchConfig.charset",
        "value" : "UTF-8"
      }, {
        "name" : "elasticSearchConfig.defaultOperation",
        "value" : "INDEX"
      }, {
        "name" : "elasticSearchConfig.unsupportedAction",
        "value" : "SEND_TO_ERROR"
      }, {
        "name" : "elasticSearchConfig.securityConfig.securityUser",
        "value" : "username:password"
      }, {
        "name" : "elasticSearchConfig.securityConfig.sslTrustStorePath",
        "value" : null
      }, {
        "name" : "elasticSearchConfig.securityConfig.sslTrustStorePassword",
        "value" : null
      }, {
        "name" : "elasticSearchConfig.httpUris",
        "value" : [ "elastic:9200" ]
      }, {
        "name" : "elasticSearchConfig.params",
        "value" : [ ]
      }, {
        "name" : "elasticSearchConfig.clientSniff",
        "value" : false
      }, {
        "name" : "elasticSearchConfig.useSecurity",
        "value" : false
      }, {
        "name" : "stageOnRecordError",
        "value" : "TO_ERROR"
      }, {
        "name" : "stageRequiredFields",
        "value" : [ ]
      }, {
        "name" : "stageRecordPreconditions",
        "value" : [ ]
      } ],
      "uiInfo" : {
        "description" : "",
        "label" : "Elasticsearch 2",
        "xPos" : 280,
        "yPos" : 200,
        "stageType" : "TARGET"
      },
      "inputLanes" : [ "HTTPServer_01OutputLane15168927201610" ],
      "outputLanes" : [ ],
      "eventLanes" : [ ],
      "services" : [ ]
    } ],
    "errorStage" : {
      "instanceName" : "WritetoFile_ErrorStage",
      "library" : "streamsets-datacollector-basic-lib",
      "stageName" : "com_streamsets_pipeline_stage_destination_recordstolocalfilesystem_ToErrorLocalFSDTarget",
      "stageVersion" : "1",
      "configuration" : [ {
        "name" : "directory",
        "value" : "/home/sdc/errors"
      }, {
        "name" : "uniquePrefix",
        "value" : "sdc-${sdc:id()}"
      }, {
        "name" : "rotationIntervalSecs",
        "value" : "${1 * HOURS}"
      }, {
        "name" : "maxFileSizeMbs",
        "value" : 512
      } ],
      "uiInfo" : {
        "description" : "",
        "label" : "Error Records - Write to File",
        "xPos" : 1022,
        "yPos" : 50,
        "stageType" : "TARGET"
      },
      "inputLanes" : [ ],
      "outputLanes" : [ ],
      "eventLanes" : [ ],
      "services" : [ ]
    },
    "info" : {
      "pipelineId" : "WithHTTPserver85f58cfbd2354d7ea387d4ce4adf1631127ba07e-acd4-4285-b272-97d96f7122ee",
      "title" : "3. Listen and store and aggregate to Elasticsearch",
      "description" : "",
      "created" : 1518642365040,
      "lastModified" : 1518642459651,
      "creator" : "admin",
      "lastModifier" : "admin",
      "lastRev" : "0",
      "uuid" : "6b573d51-549c-468d-ab80-2a2b1b5de5ba",
      "valid" : true,
      "metadata" : {
        "labels" : [ ]
      },
      "name" : "WithHTTPserver85f58cfbd2354d7ea387d4ce4adf1631127ba07e-acd4-4285-b272-97d96f7122ee",
      "sdcVersion" : "3.0.2.0",
      "sdcId" : "9f376c68-119c-11e8-b6c7-c7d091002e31"
    },
    "metadata" : {
      "labels" : [ ]
    },
    "statsAggregatorStage" : null,
    "startEventStages" : [ {
      "instanceName" : "Discard_StartEventStage",
      "library" : "streamsets-datacollector-basic-lib",
      "stageName" : "com_streamsets_pipeline_stage_destination_devnull_ToErrorNullDTarget",
      "stageVersion" : "1",
      "configuration" : [ ],
      "uiInfo" : {
        "description" : "",
        "label" : "Start Event - Discard",
        "xPos" : 280,
        "yPos" : 50,
        "stageType" : "TARGET"
      },
      "inputLanes" : [ ],
      "outputLanes" : [ ],
      "eventLanes" : [ ],
      "services" : [ ]
    } ],
    "stopEventStages" : [ {
      "instanceName" : "Discard_StopEventStage",
      "library" : "streamsets-datacollector-basic-lib",
      "stageName" : "com_streamsets_pipeline_stage_destination_devnull_ToErrorNullDTarget",
      "stageVersion" : "1",
      "configuration" : [ ],
      "uiInfo" : {
        "description" : "",
        "label" : "Stop Event - Discard",
        "xPos" : 280,
        "yPos" : 50,
        "stageType" : "TARGET"
      },
      "inputLanes" : [ ],
      "outputLanes" : [ ],
      "eventLanes" : [ ],
      "services" : [ ]
    } ],
    "valid" : true,
    "issues" : {
      "pipelineIssues" : [ ],
      "stageIssues" : { },
      "issueCount" : 0
    },
    "previewable" : false
  },
  "pipelineRules" : {
    "schemaVersion" : 3,
    "version" : 2,
    "metricsRuleDefinitions" : [ {
      "id" : "badRecordsAlertID",
      "alertText" : "High incidence of Error Records",
      "metricId" : "pipeline.batchErrorRecords.counter",
      "metricType" : "COUNTER",
      "metricElement" : "COUNTER_COUNT",
      "condition" : "${value() > 100}",
      "sendEmail" : false,
      "enabled" : false,
      "timestamp" : 1516892716535,
      "valid" : true
    }, {
      "id" : "stageErrorAlertID",
      "alertText" : "High incidence of Stage Errors",
      "metricId" : "pipeline.batchErrorMessages.counter",
      "metricType" : "COUNTER",
      "metricElement" : "COUNTER_COUNT",
      "condition" : "${value() > 100}",
      "sendEmail" : false,
      "enabled" : false,
      "timestamp" : 1516892716535,
      "valid" : true
    }, {
      "id" : "idleGaugeID",
      "alertText" : "Pipeline is Idle",
      "metricId" : "RuntimeStatsGauge.gauge",
      "metricType" : "GAUGE",
      "metricElement" : "TIME_OF_LAST_RECEIVED_RECORD",
      "condition" : "${time:now() - value() > 120000}",
      "sendEmail" : false,
      "enabled" : false,
      "timestamp" : 1516892716535,
      "valid" : true
    }, {
      "id" : "batchTimeAlertID",
      "alertText" : "Batch taking more time to process",
      "metricId" : "RuntimeStatsGauge.gauge",
      "metricType" : "GAUGE",
      "metricElement" : "CURRENT_BATCH_AGE",
      "condition" : "${value() > 200}",
      "sendEmail" : false,
      "enabled" : false,
      "timestamp" : 1516892716535,
      "valid" : true
    }, {
      "id" : "memoryLimitAlertID",
      "alertText" : "Memory limit for pipeline exceeded",
      "metricId" : "pipeline.memoryConsumed.counter",
      "metricType" : "COUNTER",
      "metricElement" : "COUNTER_COUNT",
      "condition" : "${value() > (jvm:maxMemoryMB() * 0.65)}",
      "sendEmail" : false,
      "enabled" : false,
      "timestamp" : 1516892716535,
      "valid" : true
    } ],
    "dataRuleDefinitions" : [ ],
    "driftRuleDefinitions" : [ ],
    "uuid" : "eeb3d481-6fb9-45ae-b0e9-6f456dd1fd06",
    "configuration" : [ {
      "name" : "emailIDs",
      "value" : [ ]
    }, {
      "name" : "webhookConfigs",
      "value" : [ ]
    } ],
    "ruleIssues" : null,
    "configIssues" : null
  },
  "libraryDefinitions" : null
}